temp,feels_like,pressure,humidity,lat,lon,pm10,download_timestamp
0.84,-0.72,1018,50,49.17035070524409,19.76220706945233,3.68,20260322_115055
3.35,2.11,1018,50,49.17035070524409,19.802564442853914,3.9,20260322_115055
1.74,0.23,1018,51,49.17035070524409,19.842921816255497,3.9,20260322_115055
2.31,0.85,1018,51,49.17035070524409,19.88327918965708,3.9,20260322_115055
4.86,3.7,1018,51,49.17035070524409,19.923636563058665,3.9,20260322_115055
2.3,0.71,1018,52,49.17035070524409,19.963993936460252,3.9,20260322_115055
0.69,-1.21,1018,52,49.17035070524409,20.004351309861836,3.97,20260322_115055
-1.51,-4.29,1018,53,49.17035070524409,20.04470868326342,3.97,20260322_115055
-0.77,-3.43,1018,54,49.17035070524409,20.085066056665003,3.97,20260322_115055
0.16,-2.34,1018,55,49.17035070524409,20.125423430066586,3.97,20260322_115055
1.0,-0.36,1018,51,49.18581791334477,19.76220706945233,3.68,20260322_115055
1.57,0.24,1018,51,49.18581791334477,19.802564442853914,3.9,20260322_115055
2.18,0.9,1018,51,49.18581791334477,19.842921816255497,3.9,20260322_115055
1.78,0.4,1018,51,49.18581791334477,19.88327918965708,3.9,20260322_115055
2.44,1.06,1018,52,49.18581791334477,19.923636563058665,3.9,20260322_115055
0.65,-1.06,1018,52,49.18581791334477,19.963993936460252,3.9,20260322_115055
3.23,1.8,1018,52,49.18581791334477,20.004351309861836,3.97,20260322_115055
0.19,-2.31,1018,53,49.18581791334477,20.04470868326342,3.97,20260322_115055
1.43,-0.86,1018,55,49.18581791334477,20.085066056665003,3.97,20260322_115055
3.04,1.02,1018,55,49.18581791334477,20.125423430066586,3.97,20260322_115055
2.04,2.04,1018,51,49.20128512144546,19.76220706945233,3.76,20260322_115055
4.39,4.39,1018,51,49.20128512144546,19.802564442853914,4.04,20260322_115055
2.4,2.4,1018,52,49.20128512144546,19.842921816255497,4.04,20260322_115055
0.79,0.79,1018,52,49.20128512144546,19.88327918965708,4.04,20260322_115055
5.14,4.28,1018,52,49.20128512144546,19.923636563058665,4.04,20260322_115055
1.16,-0.32,1018,52,49.20128512144546,19.963993936460252,4.04,20260322_115055
0.37,-1.35,1018,52,49.20128512144546,20.004351309861836,4.27,20260322_115055
-1.2,-3.27,1018,53,49.20128512144546,20.04470868326342,4.27,20260322_115055
2.83,0.77,1018,56,49.20128512144546,20.085066056665003,4.27,20260322_115055
3.01,0.98,1018,55,49.20128512144546,20.125423430066586,4.27,20260322_115055
2.04,2.04,1018,51,49.21675232954614,19.76220706945233,3.76,20260322_115055
4.39,4.39,1018,51,49.21675232954614,19.802564442853914,4.04,20260322_115055
2.4,2.4,1018,52,49.21675232954614,19.842921816255497,4.04,20260322_115055
4.05,4.05,1018,52,49.21675232954614,19.88327918965708,4.04,20260322_115055
2.25,1.01,1018,52,49.21675232954614,19.923636563058665,4.04,20260322_115055
2.48,1.18,1018,52,49.21675232954614,19.963993936460252,4.04,20260322_115055
0.07,-1.69,1018,52,49.21675232954614,20.004351309861836,4.27,20260322_115055
4.73,3.52,1018,53,49.21675232954614,20.04470868326342,4.27,20260322_115055
6.08,4.57,1018,56,49.21675232954614,20.085066056665003,4.27,20260322_115055
2.41,0.28,1018,56,49.21675232954614,20.125423430066586,4.27,20260322_115055
3.38,3.38,1018,52,49.23221953764683,19.76220706945233,3.76,20260322_115055
4.44,4.44,1018,52,49.23221953764683,19.802564442853914,4.04,20260322_115055
2.4,2.4,1018,52,49.23221953764683,19.842921816255497,4.04,20260322_115055
6.16,6.16,1018,52,49.23221953764683,19.88327918965708,4.04,20260322_115055
0.58,0.58,1018,53,49.23221953764683,19.923636563058665,4.04,20260322_115055
1.44,1.44,1018,53,49.23221953764683,19.963993936460252,4.04,20260322_115055
3.86,2.77,1018,53,49.23221953764683,20.004351309861836,4.27,20260322_115055
1.15,-0.47,1018,53,49.23221953764683,20.04470868326342,4.27,20260322_115055
6.6,5.4,1018,56,49.23221953764683,20.085066056665003,4.27,20260322_115055
4.6,2.84,1018,56,49.23221953764683,20.125423430066586,4.27,20260322_115055
3.38,3.38,1018,52,49.24768674574751,19.76220706945233,3.76,20260322_115055
4.44,4.44,1018,52,49.24768674574751,19.802564442853914,4.04,20260322_115055
2.4,2.4,1018,52,49.24768674574751,19.842921816255497,4.04,20260322_115055
6.16,6.16,1018,52,49.24768674574751,19.88327918965708,4.04,20260322_115055
2.51,2.51,1018,53,49.24768674574751,19.923636563058665,4.04,20260322_115055
5.34,5.34,1018,53,49.24768674574751,19.963993936460252,4.04,20260322_115055
4.38,3.36,1018,53,49.24768674574751,20.004351309861836,4.27,20260322_115055
3.37,2.06,1018,53,49.24768674574751,20.04470868326342,4.27,20260322_115055
5.9,4.59,1018,53,49.24768674574751,20.085066056665003,4.27,20260322_115055
6.62,5.23,1018,56,49.24768674574751,20.125423430066586,4.27,20260322_115055
6.12,6.12,1018,52,49.263153953848196,19.76220706945233,3.76,20260322_115055
4.27,4.27,1018,52,49.263153953848196,19.802564442853914,4.04,20260322_115055
5.77,5.77,1018,52,49.263153953848196,19.842921816255497,4.04,20260322_115055
6.62,6.62,1018,53,49.263153953848196,19.88327918965708,4.04,20260322_115055
5.16,5.16,1018,53,49.263153953848196,19.923636563058665,4.04,20260322_115055
6.17,6.17,1018,53,49.263153953848196,19.963993936460252,4.04,20260322_115055
6.81,6.81,1018,53,49.263153953848196,20.004351309861836,4.27,20260322_115055
5.98,5.14,1018,53,49.263153953848196,20.04470868326342,4.27,20260322_115055
6.39,5.18,1018,53,49.263153953848196,20.085066056665003,4.27,20260322_115055
7.53,6.28,1018,53,49.263153953848196,20.125423430066586,4.27,20260322_115055
7.46,7.46,1018,53,49.27862116194888,19.76220706945233,3.76,20260322_115055
6.09,6.09,1018,53,49.27862116194888,19.802564442853914,4.04,20260322_115055
6.77,6.77,1018,53,49.27862116194888,19.842921816255497,4.04,20260322_115055
7.16,7.16,1018,53,49.27862116194888,19.88327918965708,4.04,20260322_115055
7.15,7.15,1018,53,49.27862116194888,19.923636563058665,4.04,20260322_115055
8.47,8.47,1018,53,49.27862116194888,19.963993936460252,4.04,20260322_115055
7.53,7.53,1018,53,49.27862116194888,20.004351309861836,4.27,20260322_115055
7.16,6.56,1018,53,49.27862116194888,20.04470868326342,4.27,20260322_115055
8.2,7.26,1018,53,49.27862116194888,20.085066056665003,4.27,20260322_115055
8.25,7.08,1018,53,49.27862116194888,20.125423430066586,4.27,20260322_115055
7.46,7.46,1018,53,49.294088370049565,19.76220706945233,3.76,20260322_115055
6.09,6.09,1018,53,49.294088370049565,19.802564442853914,4.04,20260322_115055
6.77,6.77,1018,53,49.294088370049565,19.842921816255497,4.04,20260322_115055
7.16,7.16,1018,53,49.294088370049565,19.88327918965708,4.04,20260322_115055
7.15,7.15,1018,53,49.294088370049565,19.923636563058665,4.04,20260322_115055
7.8,7.8,1018,53,49.294088370049565,19.963993936460252,4.04,20260322_115055
8.64,8.64,1018,53,49.294088370049565,20.004351309861836,4.27,20260322_115055
8.42,7.99,1018,53,49.294088370049565,20.04470868326342,4.27,20260322_115055
8.57,7.69,1018,53,49.294088370049565,20.085066056665003,4.27,20260322_115055
8.68,7.59,1018,53,49.294088370049565,20.125423430066586,4.27,20260322_115055
7.34,7.34,1018,53,49.309555578150245,19.76220706945233,3.76,20260322_115055
6.72,6.72,1018,53,49.309555578150245,19.802564442853914,4.04,20260322_115055
7.55,7.55,1018,53,49.309555578150245,19.842921816255497,4.04,20260322_115055
6.46,6.46,1018,53,49.309555578150245,19.88327918965708,4.04,20260322_115055
6.46,6.46,1018,53,49.309555578150245,19.923636563058665,4.04,20260322_115055
6.67,6.67,1018,53,49.309555578150245,19.963993936460252,4.04,20260322_115055
8.16,8.16,1018,53,49.309555578150245,20.004351309861836,4.27,20260322_115055
8.86,8.52,1018,53,49.309555578150245,20.04470868326342,4.27,20260322_115055
7.85,6.82,1018,53,49.309555578150245,20.085066056665003,4.27,20260322_115055
8.05,6.8,1018,52,49.309555578150245,20.125423430066586,4.27,20260322_115055
0.84,-0.72,1018,50,49.17035070524409,19.76220706945233,3.68,20260322_115455
3.35,2.11,1018,50,49.17035070524409,19.802564442853914,3.9,20260322_115455
1.74,0.23,1018,51,49.17035070524409,19.842921816255497,3.9,20260322_115455
2.31,0.85,1018,51,49.17035070524409,19.88327918965708,3.9,20260322_115455
4.86,3.7,1018,51,49.17035070524409,19.923636563058665,3.9,20260322_115455
2.3,0.71,1018,52,49.17035070524409,19.963993936460252,3.9,20260322_115455
0.69,-1.21,1018,52,49.17035070524409,20.004351309861836,3.97,20260322_115455
-1.51,-4.29,1018,53,49.17035070524409,20.04470868326342,3.97,20260322_115455
-0.77,-3.43,1018,54,49.17035070524409,20.085066056665003,3.97,20260322_115455
0.16,-2.34,1018,55,49.17035070524409,20.125423430066586,3.97,20260322_115455
1.0,-0.36,1018,51,49.18581791334477,19.76220706945233,3.68,20260322_115455
1.57,0.24,1018,51,49.18581791334477,19.802564442853914,3.9,20260322_115455
2.18,0.9,1018,51,49.18581791334477,19.842921816255497,3.9,20260322_115455
1.78,0.4,1018,51,49.18581791334477,19.88327918965708,3.9,20260322_115455
2.44,1.06,1018,52,49.18581791334477,19.923636563058665,3.9,20260322_115455
0.65,-1.06,1018,52,49.18581791334477,19.963993936460252,3.9,20260322_115455
3.23,1.8,1018,52,49.18581791334477,20.004351309861836,3.97,20260322_115455
0.19,-2.31,1018,53,49.18581791334477,20.04470868326342,3.97,20260322_115455
1.43,-0.86,1018,55,49.18581791334477,20.085066056665003,3.97,20260322_115455
3.04,1.02,1018,55,49.18581791334477,20.125423430066586,3.97,20260322_115455
2.04,2.04,1018,51,49.20128512144546,19.76220706945233,3.76,20260322_115455
4.39,4.39,1018,51,49.20128512144546,19.802564442853914,4.04,20260322_115455
2.4,2.4,1018,52,49.20128512144546,19.842921816255497,4.04,20260322_115455
0.79,0.79,1018,52,49.20128512144546,19.88327918965708,4.04,20260322_115455
5.14,4.28,1018,52,49.20128512144546,19.923636563058665,4.04,20260322_115455
1.16,-0.32,1018,52,49.20128512144546,19.963993936460252,4.04,20260322_115455
0.37,-1.35,1018,52,49.20128512144546,20.004351309861836,4.27,20260322_115455
-1.2,-3.27,1018,53,49.20128512144546,20.04470868326342,4.27,20260322_115455
2.83,0.77,1018,56,49.20128512144546,20.085066056665003,4.27,20260322_115455
3.01,0.98,1018,55,49.20128512144546,20.125423430066586,4.27,20260322_115455
2.04,2.04,1018,51,49.21675232954614,19.76220706945233,3.76,20260322_115455
4.39,4.39,1018,51,49.21675232954614,19.802564442853914,4.04,20260322_115455
2.4,2.4,1018,52,49.21675232954614,19.842921816255497,4.04,20260322_115455
4.05,4.05,1018,52,49.21675232954614,19.88327918965708,4.04,20260322_115455
2.25,1.01,1018,52,49.21675232954614,19.923636563058665,4.04,20260322_115455
2.48,1.18,1018,52,49.21675232954614,19.963993936460252,4.04,20260322_115455
0.07,-1.69,1018,52,49.21675232954614,20.004351309861836,4.27,20260322_115455
4.73,3.52,1018,53,49.21675232954614,20.04470868326342,4.27,20260322_115455
6.08,4.57,1018,56,49.21675232954614,20.085066056665003,4.27,20260322_115455
2.41,0.28,1018,56,49.21675232954614,20.125423430066586,4.27,20260322_115455
3.38,3.38,1018,52,49.23221953764683,19.76220706945233,3.76,20260322_115455
4.44,4.44,1018,52,49.23221953764683,19.802564442853914,4.04,20260322_115455
2.4,2.4,1018,52,49.23221953764683,19.842921816255497,4.04,20260322_115455
6.16,6.16,1018,52,49.23221953764683,19.88327918965708,4.04,20260322_115455
0.58,0.58,1018,53,49.23221953764683,19.923636563058665,4.04,20260322_115455
1.44,1.44,1018,53,49.23221953764683,19.963993936460252,4.04,20260322_115455
3.86,2.77,1018,53,49.23221953764683,20.004351309861836,4.27,20260322_115455
1.15,-0.47,1018,53,49.23221953764683,20.04470868326342,4.27,20260322_115455
6.6,5.4,1018,56,49.23221953764683,20.085066056665003,4.27,20260322_115455
4.6,2.84,1018,56,49.23221953764683,20.125423430066586,4.27,20260322_115455
3.38,3.38,1018,52,49.24768674574751,19.76220706945233,3.76,20260322_115455
4.44,4.44,1018,52,49.24768674574751,19.802564442853914,4.04,20260322_115455
2.4,2.4,1018,52,49.24768674574751,19.842921816255497,4.04,20260322_115455
6.16,6.16,1018,52,49.24768674574751,19.88327918965708,4.04,20260322_115455
2.51,2.51,1018,53,49.24768674574751,19.923636563058665,4.04,20260322_115455
5.34,5.34,1018,53,49.24768674574751,19.963993936460252,4.04,20260322_115455
4.38,3.36,1018,53,49.24768674574751,20.004351309861836,4.27,20260322_115455
3.37,2.06,1018,53,49.24768674574751,20.04470868326342,4.27,20260322_115455
5.9,4.59,1018,53,49.24768674574751,20.085066056665003,4.27,20260322_115455
6.62,5.23,1018,56,49.24768674574751,20.125423430066586,4.27,20260322_115455
6.12,6.12,1018,52,49.263153953848196,19.76220706945233,3.76,20260322_115455
4.27,4.27,1018,52,49.263153953848196,19.802564442853914,4.04,20260322_115455
5.77,5.77,1018,52,49.263153953848196,19.842921816255497,4.04,20260322_115455
6.62,6.62,1018,53,49.263153953848196,19.88327918965708,4.04,20260322_115455
5.16,5.16,1018,53,49.263153953848196,19.923636563058665,4.04,20260322_115455
6.17,6.17,1018,53,49.263153953848196,19.963993936460252,4.04,20260322_115455
6.81,6.81,1018,53,49.263153953848196,20.004351309861836,4.27,20260322_115455
5.98,5.14,1018,53,49.263153953848196,20.04470868326342,4.27,20260322_115455
6.39,5.18,1018,53,49.263153953848196,20.085066056665003,4.27,20260322_115455
7.53,6.28,1018,53,49.263153953848196,20.125423430066586,4.27,20260322_115455
7.46,7.46,1018,53,49.27862116194888,19.76220706945233,3.76,20260322_115455
6.09,6.09,1018,53,49.27862116194888,19.802564442853914,4.04,20260322_115455
6.77,6.77,1018,53,49.27862116194888,19.842921816255497,4.04,20260322_115455
7.16,7.16,1018,53,49.27862116194888,19.88327918965708,4.04,20260322_115455
7.15,7.15,1018,53,49.27862116194888,19.923636563058665,4.04,20260322_115455
7.65,7.65,1018,53,49.27862116194888,19.963993936460252,4.04,20260322_115455
7.53,7.53,1018,53,49.27862116194888,20.004351309861836,4.27,20260322_115455
7.16,6.56,1018,53,49.27862116194888,20.04470868326342,4.27,20260322_115455
8.2,7.26,1018,53,49.27862116194888,20.085066056665003,4.27,20260322_115455
8.25,7.08,1018,53,49.27862116194888,20.125423430066586,4.27,20260322_115455
7.46,7.46,1018,53,49.294088370049565,19.76220706945233,3.76,20260322_115455
6.09,6.09,1018,53,49.294088370049565,19.802564442853914,4.04,20260322_115455
6.77,6.77,1018,53,49.294088370049565,19.842921816255497,4.04,20260322_115455
7.16,7.16,1018,53,49.294088370049565,19.88327918965708,4.04,20260322_115455
7.15,7.15,1018,53,49.294088370049565,19.923636563058665,4.04,20260322_115455
7.8,7.8,1018,53,49.294088370049565,19.963993936460252,4.04,20260322_115455
8.64,8.64,1018,53,49.294088370049565,20.004351309861836,4.27,20260322_115455
8.42,7.99,1018,53,49.294088370049565,20.04470868326342,4.27,20260322_115455
8.57,7.69,1018,53,49.294088370049565,20.085066056665003,4.27,20260322_115455
8.68,7.59,1018,53,49.294088370049565,20.125423430066586,4.27,20260322_115455
7.34,7.34,1018,53,49.309555578150245,19.76220706945233,3.76,20260322_115455
6.72,6.72,1018,53,49.309555578150245,19.802564442853914,4.04,20260322_115455
7.55,7.55,1018,53,49.309555578150245,19.842921816255497,4.04,20260322_115455
6.46,6.46,1018,53,49.309555578150245,19.88327918965708,4.04,20260322_115455
6.46,6.46,1018,53,49.309555578150245,19.923636563058665,4.04,20260322_115455
6.67,6.67,1018,53,49.309555578150245,19.963993936460252,4.04,20260322_115455
8.16,8.16,1018,53,49.309555578150245,20.004351309861836,4.27,20260322_115455
8.86,8.52,1018,53,49.309555578150245,20.04470868326342,4.27,20260322_115455
7.85,6.82,1018,53,49.309555578150245,20.085066056665003,4.27,20260322_115455
8.05,6.8,1018,52,49.309555578150245,20.125423430066586,4.27,20260322_115455
1.11,-0.65,1017,51,49.17035070524409,19.76220706945233,3.79,20260322_145116
3.58,2.26,1017,52,49.17035070524409,19.802564442853914,3.67,20260322_145116
1.91,0.45,1017,52,49.17035070524409,19.842921816255497,3.67,20260322_145116
3.31,2.16,1017,52,49.17035070524409,19.88327918965708,3.67,20260322_145116
5.86,5.86,1017,53,49.17035070524409,19.923636563058665,3.67,20260322_145116
3.3,3.3,1017,53,49.17035070524409,19.963993936460252,3.67,20260322_145116
1.69,1.69,1017,53,49.17035070524409,20.004351309861836,3.59,20260322_145116
-0.51,-3.7,1017,46,49.17035070524409,20.04470868326342,3.59,20260322_145116
-0.79,-4.03,1017,50,49.17035070524409,20.085066056665003,3.59,20260322_145116
0.08,-3.0,1017,51,49.17035070524409,20.125423430066586,3.59,20260322_145116
1.29,-0.4,1017,51,49.18581791334477,19.76220706945233,3.79,20260322_145116
1.82,0.28,1017,52,49.18581791334477,19.802564442853914,3.67,20260322_145116
2.37,1.02,1017,52,49.18581791334477,19.842921816255497,3.67,20260322_145116
2.78,1.59,1017,53,49.18581791334477,19.88327918965708,3.67,20260322_145116
3.44,3.44,1017,53,49.18581791334477,19.923636563058665,3.67,20260322_145116
1.65,1.65,1017,53,49.18581791334477,19.963993936460252,3.67,20260322_145116
4.23,4.23,1017,53,49.18581791334477,20.004351309861836,3.59,20260322_145116
1.19,-1.68,1017,46,49.18581791334477,20.04470868326342,3.59,20260322_145116
1.37,-1.47,1017,51,49.18581791334477,20.085066056665003,3.59,20260322_145116
2.93,0.38,1017,51,49.18581791334477,20.125423430066586,3.59,20260322_145116
2.35,0.87,1017,52,49.20128512144546,19.76220706945233,3.63,20260322_145116
4.65,3.56,1017,52,49.20128512144546,19.802564442853914,3.58,20260322_145116
2.61,1.32,1017,52,49.20128512144546,19.842921816255497,3.58,20260322_145116
1.79,0.5,1017,53,49.20128512144546,19.88327918965708,3.58,20260322_145116
6.14,6.14,1017,53,49.20128512144546,19.923636563058665,3.58,20260322_145116
2.16,2.16,1017,53,49.20128512144546,19.963993936460252,3.58,20260322_145116
1.37,1.37,1017,53,49.20128512144546,20.004351309861836,3.52,20260322_145116
-0.2,-0.2,1017,53,49.20128512144546,20.04470868326342,3.52,20260322_145116
1.72,-1.05,1017,55,49.20128512144546,20.085066056665003,3.52,20260322_145116
2.86,0.3,1017,51,49.20128512144546,20.125423430066586,3.52,20260322_145116
2.35,0.87,1017,52,49.21675232954614,19.76220706945233,3.63,20260322_145116
4.65,3.56,1017,52,49.21675232954614,19.802564442853914,3.58,20260322_145116
2.61,1.32,1017,52,49.21675232954614,19.842921816255497,3.58,20260322_145116
4.22,3.25,1017,53,49.21675232954614,19.88327918965708,3.58,20260322_145116
3.25,3.25,1017,53,49.21675232954614,19.923636563058665,3.58,20260322_145116
3.48,3.48,1017,53,49.21675232954614,19.963993936460252,3.58,20260322_145116
1.07,1.07,1017,53,49.21675232954614,20.004351309861836,3.52,20260322_145116
3.62,3.62,1017,53,49.21675232954614,20.04470868326342,3.52,20260322_145116
4.97,2.81,1017,55,49.21675232954614,20.085066056665003,3.52,20260322_145116
1.3,-1.55,1017,55,49.21675232954614,20.125423430066586,3.52,20260322_145116
3.71,2.49,1017,52,49.23221953764683,19.76220706945233,3.63,20260322_145116
4.72,3.71,1017,52,49.23221953764683,19.802564442853914,3.58,20260322_145116
2.63,1.39,1017,52,49.23221953764683,19.842921816255497,3.58,20260322_145116
6.34,5.67,1017,52,49.23221953764683,19.88327918965708,3.58,20260322_145116
1.58,1.58,1017,53,49.23221953764683,19.923636563058665,3.58,20260322_145116
2.44,2.44,1017,53,49.23221953764683,19.963993936460252,3.58,20260322_145116
2.75,2.75,1017,53,49.23221953764683,20.004351309861836,3.52,20260322_145116
0.04,-1.51,1017,53,49.23221953764683,20.04470868326342,3.52,20260322_145116
5.49,4.41,1017,55,49.23221953764683,20.085066056665003,3.52,20260322_145116
3.49,1.05,1017,55,49.23221953764683,20.125423430066586,3.52,20260322_145116
3.71,2.49,1017,52,49.24768674574751,19.76220706945233,3.63,20260322_145116
4.72,3.71,1017,52,49.24768674574751,19.802564442853914,3.58,20260322_145116
2.63,1.39,1017,52,49.24768674574751,19.842921816255497,3.58,20260322_145116
6.34,5.67,1017,52,49.24768674574751,19.88327918965708,3.58,20260322_145116
2.65,2.65,1017,53,49.24768674574751,19.923636563058665,3.58,20260322_145116
4.23,4.23,1017,53,49.24768674574751,19.963993936460252,3.58,20260322_145116
3.27,3.27,1017,53,49.24768674574751,20.004351309861836,3.52,20260322_145116
2.26,1.0,1017,53,49.24768674574751,20.04470868326342,3.52,20260322_145116
4.79,3.6,1017,53,49.24768674574751,20.085066056665003,3.52,20260322_145116
5.51,4.27,1017,55,49.24768674574751,20.125423430066586,3.52,20260322_145116
6.47,5.72,1017,52,49.263153953848196,19.76220706945233,3.63,20260322_145116
4.58,3.62,1017,52,49.263153953848196,19.802564442853914,3.58,20260322_145116
6.02,5.29,1017,52,49.263153953848196,19.842921816255497,3.58,20260322_145116
6.83,6.24,1017,52,49.263153953848196,19.88327918965708,3.58,20260322_145116
5.32,5.32,1017,53,49.263153953848196,19.923636563058665,3.58,20260322_145116
5.06,4.23,1017,53,49.263153953848196,19.963993936460252,3.58,20260322_145116
5.7,4.9,1017,53,49.263153953848196,20.004351309861836,3.52,20260322_145116
4.87,3.85,1017,53,49.263153953848196,20.04470868326342,3.52,20260322_145116
5.28,4.06,1017,53,49.263153953848196,20.085066056665003,3.52,20260322_145116
6.42,5.21,1017,53,49.263153953848196,20.125423430066586,3.52,20260322_145116
7.83,7.37,1016,52,49.27862116194888,19.76220706945233,3.63,20260322_145116
6.42,6.42,1016,52,49.27862116194888,19.802564442853914,3.58,20260322_145116
7.05,7.05,1017,52,49.27862116194888,19.842921816255497,3.58,20260322_145116
7.39,7.39,1017,52,49.27862116194888,19.88327918965708,3.58,20260322_145116
7.33,6.76,1017,53,49.27862116194888,19.923636563058665,3.58,20260322_145116
7.36,6.76,1017,53,49.27862116194888,19.963993936460252,3.58,20260322_145116
6.42,5.6,1017,53,49.27862116194888,20.004351309861836,3.52,20260322_145116
6.05,5.07,1017,53,49.27862116194888,20.04470868326342,3.52,20260322_145116
7.09,6.01,1017,53,49.27862116194888,20.085066056665003,3.52,20260322_145116
7.14,5.93,1017,53,49.27862116194888,20.125423430066586,3.52,20260322_145116
7.83,7.37,1016,52,49.294088370049565,19.76220706945233,3.63,20260322_145116
6.42,6.42,1016,52,49.294088370049565,19.802564442853914,3.58,20260322_145116
7.05,7.05,1017,52,49.294088370049565,19.842921816255497,3.58,20260322_145116
7.39,7.39,1017,52,49.294088370049565,19.88327918965708,3.58,20260322_145116
7.33,6.76,1017,53,49.294088370049565,19.923636563058665,3.58,20260322_145116
7.94,7.42,1017,53,49.294088370049565,19.963993936460252,3.58,20260322_145116
7.53,6.87,1017,53,49.294088370049565,20.004351309861836,3.52,20260322_145116
7.31,6.51,1017,53,49.294088370049565,20.04470868326342,3.52,20260322_145116
7.46,6.44,1017,53,49.294088370049565,20.085066056665003,3.52,20260322_145116
7.57,6.43,1017,53,49.294088370049565,20.125423430066586,3.52,20260322_145116
7.74,7.74,1016,52,49.309555578150245,19.76220706945233,3.63,20260322_145116
7.08,7.08,1016,52,49.309555578150245,19.802564442853914,3.58,20260322_145116
7.85,7.85,1016,52,49.309555578150245,19.842921816255497,3.58,20260322_145116
6.72,6.11,1016,52,49.309555578150245,19.88327918965708,3.58,20260322_145116
6.67,5.93,1017,53,49.309555578150245,19.923636563058665,3.58,20260322_145116
6.84,6.03,1017,53,49.309555578150245,19.963993936460252,3.58,20260322_145116
8.29,7.59,1017,53,49.309555578150245,20.004351309861836,3.52,20260322_145116
7.75,6.86,1017,53,49.309555578150245,20.04470868326342,3.52,20260322_145116
6.74,5.44,1017,53,49.309555578150245,20.085066056665003,3.52,20260322_145116
6.94,5.56,1017,53,49.309555578150245,20.125423430066586,3.52,20260322_145116
1.11,-0.65,1017,51,49.17035070524409,19.76220706945233,3.79,20260322_145329
3.58,2.26,1017,52,49.17035070524409,19.802564442853914,3.67,20260322_145329
1.91,0.45,1017,52,49.17035070524409,19.842921816255497,3.67,20260322_145329
3.31,2.16,1017,52,49.17035070524409,19.88327918965708,3.67,20260322_145329
5.86,5.86,1017,53,49.17035070524409,19.923636563058665,3.67,20260322_145329
3.3,3.3,1017,53,49.17035070524409,19.963993936460252,3.67,20260322_145329
1.69,1.69,1017,53,49.17035070524409,20.004351309861836,3.59,20260322_145329
-0.51,-3.7,1017,46,49.17035070524409,20.04470868326342,3.59,20260322_145329
-0.79,-4.03,1017,50,49.17035070524409,20.085066056665003,3.59,20260322_145329
0.08,-3.0,1017,51,49.17035070524409,20.125423430066586,3.59,20260322_145329
1.29,-0.4,1017,51,49.18581791334477,19.76220706945233,3.79,20260322_145329
1.82,0.28,1017,52,49.18581791334477,19.802564442853914,3.67,20260322_145329
2.37,1.02,1017,52,49.18581791334477,19.842921816255497,3.67,20260322_145329
2.78,1.59,1017,53,49.18581791334477,19.88327918965708,3.67,20260322_145329
3.44,3.44,1017,53,49.18581791334477,19.923636563058665,3.67,20260322_145329
1.65,1.65,1017,53,49.18581791334477,19.963993936460252,3.67,20260322_145329
4.23,4.23,1017,53,49.18581791334477,20.004351309861836,3.59,20260322_145329
1.19,-1.68,1017,46,49.18581791334477,20.04470868326342,3.59,20260322_145329
1.37,-1.47,1017,51,49.18581791334477,20.085066056665003,3.59,20260322_145329
2.93,0.38,1017,51,49.18581791334477,20.125423430066586,3.59,20260322_145329
2.35,0.87,1017,52,49.20128512144546,19.76220706945233,3.63,20260322_145329
4.65,3.56,1017,52,49.20128512144546,19.802564442853914,3.58,20260322_145329
2.61,1.32,1017,52,49.20128512144546,19.842921816255497,3.58,20260322_145329
1.79,0.5,1017,53,49.20128512144546,19.88327918965708,3.58,20260322_145329
6.14,6.14,1017,53,49.20128512144546,19.923636563058665,3.58,20260322_145329
2.16,2.16,1017,53,49.20128512144546,19.963993936460252,3.58,20260322_145329
1.37,1.37,1017,53,49.20128512144546,20.004351309861836,3.52,20260322_145329
-0.2,-0.2,1017,53,49.20128512144546,20.04470868326342,3.52,20260322_145329
1.72,-1.05,1017,55,49.20128512144546,20.085066056665003,3.52,20260322_145329
2.86,0.3,1017,51,49.20128512144546,20.125423430066586,3.52,20260322_145329
2.35,0.87,1017,52,49.21675232954614,19.76220706945233,3.63,20260322_145329
4.65,3.56,1017,52,49.21675232954614,19.802564442853914,3.58,20260322_145329
2.61,1.32,1017,52,49.21675232954614,19.842921816255497,3.58,20260322_145329
4.22,3.25,1017,53,49.21675232954614,19.88327918965708,3.58,20260322_145329
3.25,3.25,1017,53,49.21675232954614,19.923636563058665,3.58,20260322_145329
3.48,3.48,1017,53,49.21675232954614,19.963993936460252,3.58,20260322_145329
1.07,1.07,1017,53,49.21675232954614,20.004351309861836,3.52,20260322_145329
3.62,3.62,1017,53,49.21675232954614,20.04470868326342,3.52,20260322_145329
4.97,2.81,1017,55,49.21675232954614,20.085066056665003,3.52,20260322_145329
1.3,-1.55,1017,55,49.21675232954614,20.125423430066586,3.52,20260322_145329
3.71,2.49,1017,52,49.23221953764683,19.76220706945233,3.63,20260322_145329
4.72,3.71,1017,52,49.23221953764683,19.802564442853914,3.58,20260322_145329
2.63,1.39,1017,52,49.23221953764683,19.842921816255497,3.58,20260322_145329
6.34,5.67,1017,52,49.23221953764683,19.88327918965708,3.58,20260322_145329
1.58,1.58,1017,53,49.23221953764683,19.923636563058665,3.58,20260322_145329
2.44,2.44,1017,53,49.23221953764683,19.963993936460252,3.58,20260322_145329
2.75,2.75,1017,53,49.23221953764683,20.004351309861836,3.52,20260322_145329
0.04,-1.51,1017,53,49.23221953764683,20.04470868326342,3.52,20260322_145329
5.49,4.41,1017,55,49.23221953764683,20.085066056665003,3.52,20260322_145329
3.49,1.05,1017,55,49.23221953764683,20.125423430066586,3.52,20260322_145329
3.71,2.49,1017,52,49.24768674574751,19.76220706945233,3.63,20260322_145329
4.72,3.71,1017,52,49.24768674574751,19.802564442853914,3.58,20260322_145329
2.63,1.39,1017,52,49.24768674574751,19.842921816255497,3.58,20260322_145329
6.34,5.67,1017,52,49.24768674574751,19.88327918965708,3.58,20260322_145329
2.65,2.65,1017,53,49.24768674574751,19.923636563058665,3.58,20260322_145329
4.23,4.23,1017,53,49.24768674574751,19.963993936460252,3.58,20260322_145329
3.27,3.27,1017,53,49.24768674574751,20.004351309861836,3.52,20260322_145329
2.26,1.0,1017,53,49.24768674574751,20.04470868326342,3.52,20260322_145329
4.79,3.6,1017,53,49.24768674574751,20.085066056665003,3.52,20260322_145329
5.51,4.27,1017,55,49.24768674574751,20.125423430066586,3.52,20260322_145329
6.47,5.72,1017,52,49.263153953848196,19.76220706945233,3.63,20260322_145329
4.58,3.62,1017,52,49.263153953848196,19.802564442853914,3.58,20260322_145329
6.02,5.29,1017,52,49.263153953848196,19.842921816255497,3.58,20260322_145329
6.83,6.24,1017,52,49.263153953848196,19.88327918965708,3.58,20260322_145329
5.32,5.32,1017,53,49.263153953848196,19.923636563058665,3.58,20260322_145329
5.06,4.23,1017,53,49.263153953848196,19.963993936460252,3.58,20260322_145329
5.7,4.9,1017,53,49.263153953848196,20.004351309861836,3.52,20260322_145329
4.87,3.85,1017,53,49.263153953848196,20.04470868326342,3.52,20260322_145329
5.28,4.06,1017,53,49.263153953848196,20.085066056665003,3.52,20260322_145329
6.42,5.21,1017,53,49.263153953848196,20.125423430066586,3.52,20260322_145329
7.83,7.37,1016,52,49.27862116194888,19.76220706945233,3.63,20260322_145329
6.42,6.42,1016,52,49.27862116194888,19.802564442853914,3.58,20260322_145329
7.05,7.05,1017,52,49.27862116194888,19.842921816255497,3.58,20260322_145329
7.39,7.39,1017,52,49.27862116194888,19.88327918965708,3.58,20260322_145329
7.33,6.76,1017,53,49.27862116194888,19.923636563058665,3.58,20260322_145329
7.36,6.76,1017,53,49.27862116194888,19.963993936460252,3.58,20260322_145329
6.42,5.6,1017,53,49.27862116194888,20.004351309861836,3.52,20260322_145329
6.05,5.07,1017,53,49.27862116194888,20.04470868326342,3.52,20260322_145329
7.09,6.01,1017,53,49.27862116194888,20.085066056665003,3.52,20260322_145329
7.14,5.93,1017,53,49.27862116194888,20.125423430066586,3.52,20260322_145329
7.83,7.37,1016,52,49.294088370049565,19.76220706945233,3.63,20260322_145329
6.42,6.42,1016,52,49.294088370049565,19.802564442853914,3.58,20260322_145329
7.05,7.05,1017,52,49.294088370049565,19.842921816255497,3.58,20260322_145329
7.39,7.39,1017,52,49.294088370049565,19.88327918965708,3.58,20260322_145329
7.33,6.76,1017,53,49.294088370049565,19.923636563058665,3.58,20260322_145329
7.94,7.42,1017,53,49.294088370049565,19.963993936460252,3.58,20260322_145329
7.53,6.87,1017,53,49.294088370049565,20.004351309861836,3.52,20260322_145329
7.31,6.51,1017,53,49.294088370049565,20.04470868326342,3.52,20260322_145329
7.46,6.44,1017,53,49.294088370049565,20.085066056665003,3.52,20260322_145329
7.57,6.43,1017,53,49.294088370049565,20.125423430066586,3.52,20260322_145329
7.74,7.74,1016,52,49.309555578150245,19.76220706945233,3.63,20260322_145329
7.08,7.08,1016,52,49.309555578150245,19.802564442853914,3.58,20260322_145329
7.85,7.85,1016,52,49.309555578150245,19.842921816255497,3.58,20260322_145329
6.72,6.11,1016,52,49.309555578150245,19.88327918965708,3.58,20260322_145329
6.67,5.93,1017,53,49.309555578150245,19.923636563058665,3.58,20260322_145329
6.84,6.03,1017,53,49.309555578150245,19.963993936460252,3.58,20260322_145329
8.29,7.59,1017,53,49.309555578150245,20.004351309861836,3.52,20260322_145329
7.75,6.86,1017,53,49.309555578150245,20.04470868326342,3.52,20260322_145329
6.74,5.44,1017,53,49.309555578150245,20.085066056665003,3.52,20260322_145329
6.94,5.56,1017,53,49.309555578150245,20.125423430066586,3.52,20260322_145329
-7.36,-7.36,1017,82,49.17035070524409,19.76220706945233,5.06,20260323_052605
-4.89,-4.89,1017,82,49.17035070524409,19.802564442853914,4.96,20260323_052605
-6.55,-6.55,1017,82,49.17035070524409,19.842921816255497,4.96,20260323_052605
-6.27,-6.27,1017,82,49.17035070524409,19.88327918965708,4.96,20260323_052605
-3.87,-3.87,1017,82,49.17035070524409,19.923636563058665,4.96,20260323_052605
-4.35,-4.35,1017,83,49.17035070524409,19.963993936460252,4.96,20260323_052605
-5.19,-5.19,1017,83,49.17035070524409,20.004351309861836,5.13,20260323_052605
-8.96,-8.96,1016,83,49.17035070524409,20.04470868326342,5.13,20260323_052605
-6.31,-6.31,1016,83,49.17035070524409,20.085066056665003,5.13,20260323_052605
-8.13,-8.13,1016,83,49.17035070524409,20.125423430066586,5.13,20260323_052605
-7.18,-7.18,1017,82,49.18581791334477,19.76220706945233,5.06,20260323_052605
-6.66,-6.66,1017,82,49.18581791334477,19.802564442853914,4.96,20260323_052605
-6.11,-6.11,1017,82,49.18581791334477,19.842921816255497,4.96,20260323_052605
-7.36,-7.36,1017,82,49.18581791334477,19.88327918965708,4.96,20260323_052605
-3.64,-3.64,1017,82,49.18581791334477,19.923636563058665,4.96,20260323_052605
-4.93,-4.93,1017,83,49.18581791334477,19.963993936460252,4.96,20260323_052605
-5.25,-5.25,1017,83,49.18581791334477,20.004351309861836,5.13,20260323_052605
-5.7,-5.7,1016,83,49.18581791334477,20.04470868326342,5.13,20260323_052605
-6.35,-6.35,1016,83,49.18581791334477,20.085066056665003,5.13,20260323_052605
-8.33,-8.33,1016,83,49.18581791334477,20.125423430066586,5.13,20260323_052605
-6.13,-6.13,1017,82,49.20128512144546,19.76220706945233,5.34,20260323_052605
-3.84,-3.84,1017,82,49.20128512144546,19.802564442853914,5.46,20260323_052605
-5.87,-5.87,1017,82,49.20128512144546,19.842921816255497,5.46,20260323_052605
-4.28,-4.28,1017,82,49.20128512144546,19.88327918965708,5.46,20260323_052605
-5.88,-5.88,1017,82,49.20128512144546,19.923636563058665,5.46,20260323_052605
-4.02,-4.02,1017,82,49.20128512144546,19.963993936460252,5.46,20260323_052605
-4.46,-4.46,1017,83,49.20128512144546,20.004351309861836,5.47,20260323_052605
-8.38,-8.38,1017,83,49.20128512144546,20.04470868326342,5.47,20260323_052605
-5.6,-5.6,1016,83,49.20128512144546,20.085066056665003,5.47,20260323_052605
-2.43,-2.43,1016,83,49.20128512144546,20.125423430066586,5.47,20260323_052605
-6.13,-6.13,1017,82,49.21675232954614,19.76220706945233,5.34,20260323_052605
-3.84,-3.84,1017,82,49.21675232954614,19.802564442853914,5.46,20260323_052605
-5.87,-5.87,1017,82,49.21675232954614,19.842921816255497,5.46,20260323_052605
-4.28,-4.28,1017,82,49.21675232954614,19.88327918965708,5.46,20260323_052605
-5.88,-5.88,1017,82,49.21675232954614,19.923636563058665,5.46,20260323_052605
-4.02,-4.02,1017,82,49.21675232954614,19.963993936460252,5.46,20260323_052605
-4.46,-4.46,1017,83,49.21675232954614,20.004351309861836,5.47,20260323_052605
-8.38,-8.38,1017,83,49.21675232954614,20.04470868326342,5.47,20260323_052605
-5.6,-5.6,1016,83,49.21675232954614,20.085066056665003,5.47,20260323_052605
-2.43,-2.43,1016,83,49.21675232954614,20.125423430066586,5.47,20260323_052605
-4.78,-4.78,1017,82,49.23221953764683,19.76220706945233,5.34,20260323_052605
-3.77,-3.77,1017,82,49.23221953764683,19.802564442853914,5.46,20260323_052605
-5.87,-5.87,1017,82,49.23221953764683,19.842921816255497,5.46,20260323_052605
-2.17,-2.17,1017,82,49.23221953764683,19.88327918965708,5.46,20260323_052605
-5.87,-5.87,1017,82,49.23221953764683,19.923636563058665,5.46,20260323_052605
-4.86,-4.86,1017,82,49.23221953764683,19.963993936460252,5.46,20260323_052605
-5.06,-5.06,1017,82,49.23221953764683,20.004351309861836,5.47,20260323_052605
-5.41,-5.41,1017,83,49.23221953764683,20.04470868326342,5.47,20260323_052605
-5.55,-5.55,1017,83,49.23221953764683,20.085066056665003,5.47,20260323_052605
-1.68,-1.68,1016,83,49.23221953764683,20.125423430066586,5.47,20260323_052605
-4.78,-4.78,1017,82,49.24768674574751,19.76220706945233,5.34,20260323_052605
-3.77,-3.77,1017,82,49.24768674574751,19.802564442853914,5.46,20260323_052605
-5.87,-5.87,1017,82,49.24768674574751,19.842921816255497,5.46,20260323_052605
-2.17,-2.17,1017,82,49.24768674574751,19.88327918965708,5.46,20260323_052605
-5.87,-5.87,1017,82,49.24768674574751,19.923636563058665,5.46,20260323_052605
-4.86,-4.86,1017,82,49.24768674574751,19.963993936460252,5.46,20260323_052605
-5.06,-5.06,1017,82,49.24768674574751,20.004351309861836,5.47,20260323_052605
-5.41,-5.41,1017,83,49.24768674574751,20.04470868326342,5.47,20260323_052605
-5.55,-5.55,1017,83,49.24768674574751,20.085066056665003,5.47,20260323_052605
-1.68,-1.68,1016,83,49.24768674574751,20.125423430066586,5.47,20260323_052605
-2.03,-2.03,1017,82,49.263153953848196,19.76220706945233,5.34,20260323_052605
-3.94,-3.94,1017,82,49.263153953848196,19.802564442853914,5.46,20260323_052605
-2.5,-2.5,1017,82,49.263153953848196,19.842921816255497,5.46,20260323_052605
-1.7,-1.7,1017,82,49.263153953848196,19.88327918965708,5.46,20260323_052605
-3.22,-3.22,1017,82,49.263153953848196,19.923636563058665,5.46,20260323_052605
-3.12,-3.12,1017,82,49.263153953848196,19.963993936460252,5.46,20260323_052605
-2.32,-2.32,1017,82,49.263153953848196,20.004351309861836,5.47,20260323_052605
-3.66,-3.66,1017,82,49.263153953848196,20.04470868326342,5.47,20260323_052605
-4.09,-4.09,1017,82,49.263153953848196,20.085066056665003,5.47,20260323_052605
-2.8,-2.8,1017,82,49.263153953848196,20.125423430066586,5.47,20260323_052605
-0.68,-0.68,1017,82,49.27862116194888,19.76220706945233,5.34,20260323_052605
-2.11,-2.11,1017,82,49.27862116194888,19.802564442853914,5.46,20260323_052605
-1.49,-1.49,1017,82,49.27862116194888,19.842921816255497,5.46,20260323_052605
-1.16,-1.16,1017,82,49.27862116194888,19.88327918965708,5.46,20260323_052605
-1.23,-1.23,1017,82,49.27862116194888,19.923636563058665,5.46,20260323_052605
-0.64,-0.64,1017,82,49.27862116194888,19.963993936460252,5.46,20260323_052605
-0.96,-0.96,1017,82,49.27862116194888,20.004351309861836,5.47,20260323_052605
-1.62,-1.62,1017,82,49.27862116194888,20.04470868326342,5.47,20260323_052605
-1.16,-1.16,1017,82,49.27862116194888,20.085066056665003,5.47,20260323_052605
-2.06,-2.06,1017,82,49.27862116194888,20.125423430066586,5.47,20260323_052605
-0.68,-0.68,1017,82,49.294088370049565,19.76220706945233,5.34,20260323_052605
-2.11,-2.11,1017,82,49.294088370049565,19.802564442853914,5.46,20260323_052605
-1.49,-1.49,1017,82,49.294088370049565,19.842921816255497,5.46,20260323_052605
-1.16,-1.16,1017,82,49.294088370049565,19.88327918965708,5.46,20260323_052605
-1.23,-1.23,1017,82,49.294088370049565,19.923636563058665,5.46,20260323_052605
-0.64,-0.64,1017,82,49.294088370049565,19.963993936460252,5.46,20260323_052605
-0.96,-0.96,1017,82,49.294088370049565,20.004351309861836,5.47,20260323_052605
-1.62,-1.62,1017,82,49.294088370049565,20.04470868326342,5.47,20260323_052605
-1.16,-1.16,1017,82,49.294088370049565,20.085066056665003,5.47,20260323_052605
-2.06,-2.06,1017,82,49.294088370049565,20.125423430066586,5.47,20260323_052605
-0.8,-0.8,1017,82,49.309555578150245,19.76220706945233,5.34,20260323_052605
-1.47,-1.47,1017,82,49.309555578150245,19.802564442853914,5.46,20260323_052605
-0.71,-0.71,1017,82,49.309555578150245,19.842921816255497,5.46,20260323_052605
-1.85,-1.85,1017,82,49.309555578150245,19.88327918965708,5.46,20260323_052605
-1.92,-1.92,1017,82,49.309555578150245,19.923636563058665,5.46,20260323_052605
-1.77,-1.77,1017,82,49.309555578150245,19.963993936460252,5.46,20260323_052605
-0.35,-0.35,1017,82,49.309555578150245,20.004351309861836,5.47,20260323_052605
-0.59,-0.59,1017,82,49.309555578150245,20.04470868326342,5.47,20260323_052605
-0.66,-0.66,1017,82,49.309555578150245,20.085066056665003,5.47,20260323_052605
-1.42,-1.42,1017,82,49.309555578150245,20.125423430066586,5.47,20260323_052605
-6.3,-9.25,1016,94,49.17035070524409,19.76220706945233,4.36,20260330_055357
-3.83,-6.31,1016,94,49.17035070524409,19.802564442853914,5.0,20260330_055357
-5.49,-8.09,1015,93,49.17035070524409,19.842921816255497,5.0,20260330_055357
-3.69,-5.91,1015,93,49.17035070524409,19.88327918965708,5.0,20260330_055357
-1.14,-1.14,1015,92,49.17035070524409,19.923636563058665,5.0,20260330_055357
-3.7,-3.7,1015,92,49.17035070524409,19.963993936460252,5.0,20260330_055357
-5.31,-5.31,1015,92,49.17035070524409,20.004351309861836,5.95,20260330_055357
-7.51,-13.61,1015,93,49.17035070524409,20.04470868326342,5.95,20260330_055357
-7.36,-13.43,1015,92,49.17035070524409,20.085066056665003,5.95,20260330_055357
-6.46,-12.32,1015,91,49.17035070524409,20.125423430066586,5.95,20260330_055357
-6.14,-9.17,1016,94,49.18581791334477,19.76220706945233,4.36,20260330_055357
-5.61,-8.48,1016,94,49.18581791334477,19.802564442853914,5.0,20260330_055357
-5.05,-7.71,1015,94,49.18581791334477,19.842921816255497,5.0,20260330_055357
-4.22,-6.64,1015,93,49.18581791334477,19.88327918965708,5.0,20260330_055357
-3.56,-5.65,1015,93,49.18581791334477,19.923636563058665,5.0,20260330_055357
-5.35,-7.56,1015,93,49.18581791334477,19.963993936460252,5.0,20260330_055357
-2.77,-2.77,1015,93,49.18581791334477,20.004351309861836,5.95,20260330_055357
-5.81,-11.52,1015,93,49.18581791334477,20.04470868326342,5.95,20260330_055357
-5.19,-10.76,1015,91,49.18581791334477,20.085066056665003,5.95,20260330_055357
-3.6,-8.8,1015,91,49.18581791334477,20.125423430066586,5.95,20260330_055357
-5.09,-8.05,1016,94,49.20128512144546,19.76220706945233,4.66,20260330_055357
-2.79,-5.31,1016,94,49.20128512144546,19.802564442853914,5.27,20260330_055357
-4.83,-7.58,1016,94,49.20128512144546,19.842921816255497,5.27,20260330_055357
-5.21,-7.9,1016,94,49.20128512144546,19.88327918965708,5.27,20260330_055357
-0.86,-2.7,1015,93,49.20128512144546,19.923636563058665,5.27,20260330_055357
-4.84,-7.14,1015,93,49.20128512144546,19.963993936460252,5.27,20260330_055357
-5.63,-7.96,1015,93,49.20128512144546,20.004351309861836,6.0,20260330_055357
-7.2,-9.72,1015,93,49.20128512144546,20.04470868326342,6.0,20260330_055357
-4.39,-9.77,1015,90,49.20128512144546,20.085066056665003,6.0,20260330_055357
-3.65,-8.86,1015,91,49.20128512144546,20.125423430066586,6.0,20260330_055357
-5.09,-8.05,1016,94,49.21675232954614,19.76220706945233,4.66,20260330_055357
-2.79,-5.31,1016,94,49.21675232954614,19.802564442853914,5.27,20260330_055357
-4.83,-7.58,1016,94,49.21675232954614,19.842921816255497,5.27,20260330_055357
-3.23,-5.63,1016,94,49.21675232954614,19.88327918965708,5.27,20260330_055357
-3.75,-6.0,1015,93,49.21675232954614,19.923636563058665,5.27,20260330_055357
-3.52,-5.64,1015,93,49.21675232954614,19.963993936460252,5.27,20260330_055357
-5.93,-8.3,1015,93,49.21675232954614,20.004351309861836,6.0,20260330_055357
-2.49,-4.38,1015,93,49.21675232954614,20.04470868326342,6.0,20260330_055357
-1.14,-5.77,1015,90,49.21675232954614,20.085066056665003,6.0,20260330_055357
-4.81,-10.29,1015,90,49.21675232954614,20.125423430066586,6.0,20260330_055357
-3.75,-6.54,1016,94,49.23221953764683,19.76220706945233,4.66,20260330_055357
-2.74,-5.32,1016,94,49.23221953764683,19.802564442853914,5.27,20260330_055357
-4.83,-7.65,1016,94,49.23221953764683,19.842921816255497,5.27,20260330_055357
-1.12,-3.27,1016,94,49.23221953764683,19.88327918965708,5.27,20260330_055357
-5.42,-7.99,1016,94,49.23221953764683,19.923636563058665,5.27,20260330_055357
-4.56,-6.92,1016,94,49.23221953764683,19.963993936460252,5.27,20260330_055357
-3.36,-5.5,1015,94,49.23221953764683,20.004351309861836,6.0,20260330_055357
-6.07,-8.58,1015,93,49.23221953764683,20.04470868326342,6.0,20260330_055357
-0.62,-2.48,1015,90,49.23221953764683,20.085066056665003,6.0,20260330_055357
-2.62,-7.59,1015,90,49.23221953764683,20.125423430066586,6.0,20260330_055357
-3.75,-6.54,1016,94,49.24768674574751,19.76220706945233,4.66,20260330_055357
-2.74,-5.32,1016,94,49.24768674574751,19.802564442853914,5.27,20260330_055357
-4.83,-7.65,1016,94,49.24768674574751,19.842921816255497,5.27,20260330_055357
-1.12,-3.27,1016,94,49.24768674574751,19.88327918965708,5.27,20260330_055357
-4.81,-7.3,1016,94,49.24768674574751,19.923636563058665,5.27,20260330_055357
-1.88,-3.86,1016,94,49.24768674574751,19.963993936460252,5.27,20260330_055357
-2.84,-4.91,1015,94,49.24768674574751,20.004351309861836,6.0,20260330_055357
-3.85,-6.05,1015,93,49.24768674574751,20.04470868326342,6.0,20260330_055357
-1.32,-3.28,1015,93,49.24768674574751,20.085066056665003,6.0,20260330_055357
-0.6,-2.57,1015,90,49.24768674574751,20.125423430066586,6.0,20260330_055357
-1.01,-3.38,1016,95,49.263153953848196,19.76220706945233,4.66,20260330_055357
-2.91,-5.53,1016,94,49.263153953848196,19.802564442853914,5.27,20260330_055357
-1.46,-3.78,1016,94,49.263153953848196,19.842921816255497,5.27,20260330_055357
-0.66,-2.77,1016,94,49.263153953848196,19.88327918965708,5.27,20260330_055357
-2.17,-4.33,1016,94,49.263153953848196,19.923636563058665,5.27,20260330_055357
-1.05,-2.97,1016,94,49.263153953848196,19.963993936460252,5.27,20260330_055357
-0.41,-2.21,1016,94,49.263153953848196,20.004351309861836,6.0,20260330_055357
-1.24,-3.17,1016,94,49.263153953848196,20.04470868326342,6.0,20260330_055357
-0.83,-2.83,1015,93,49.263153953848196,20.085066056665003,6.0,20260330_055357
0.31,-1.66,1015,93,49.263153953848196,20.125423430066586,6.0,20260330_055357
0.34,-1.79,1016,95,49.27862116194888,19.76220706945233,4.66,20260330_055357
-1.08,-3.39,1016,95,49.27862116194888,19.802564442853914,5.27,20260330_055357
-0.45,-2.59,1016,95,49.27862116194888,19.842921816255497,5.27,20260330_055357
-0.11,-2.12,1016,94,49.27862116194888,19.88327918965708,5.27,20260330_055357
-0.17,-2.03,1016,94,49.27862116194888,19.923636563058665,5.27,20260330_055357
1.25,-0.36,1016,94,49.27862116194888,19.963993936460252,5.27,20260330_055357
0.31,-1.42,1016,94,49.27862116194888,20.004351309861836,6.0,20260330_055357
-0.06,-1.85,1016,94,49.27862116194888,20.04470868326342,6.0,20260330_055357
0.98,-0.82,1016,94,49.27862116194888,20.085066056665003,6.0,20260330_055357
1.03,-0.88,1015,94,49.27862116194888,20.125423430066586,6.0,20260330_055357
0.34,-1.79,1016,95,49.294088370049565,19.76220706945233,4.66,20260330_055357
-1.08,-3.39,1016,95,49.294088370049565,19.802564442853914,5.27,20260330_055357
-0.45,-2.59,1016,95,49.294088370049565,19.842921816255497,5.27,20260330_055357
-0.11,-2.12,1016,94,49.294088370049565,19.88327918965708,5.27,20260330_055357
-0.17,-2.03,1016,94,49.294088370049565,19.923636563058665,5.27,20260330_055357
0.43,-1.3,1016,94,49.294088370049565,19.963993936460252,5.27,20260330_055357
1.42,-0.15,1016,94,49.294088370049565,20.004351309861836,6.0,20260330_055357
1.2,-0.42,1016,94,49.294088370049565,20.04470868326342,6.0,20260330_055357
1.35,-0.39,1016,94,49.294088370049565,20.085066056665003,6.0,20260330_055357
1.46,-0.39,1015,94,49.294088370049565,20.125423430066586,6.0,20260330_055357
0.22,-1.84,1016,95,49.309555578150245,19.76220706945233,4.66,20260330_055357
-0.44,-2.56,1016,95,49.309555578150245,19.802564442853914,5.27,20260330_055357
0.33,-1.6,1016,95,49.309555578150245,19.842921816255497,5.27,20260330_055357
-0.8,-2.84,1016,95,49.309555578150245,19.88327918965708,5.27,20260330_055357
-0.86,-2.75,1016,95,49.309555578150245,19.923636563058665,5.27,20260330_055357
-0.7,-2.54,1016,95,49.309555578150245,19.963993936460252,5.27,20260330_055357
0.74,-0.9,1016,94,49.309555578150245,20.004351309861836,6.0,20260330_055357
1.64,0.09,1016,94,49.309555578150245,20.04470868326342,6.0,20260330_055357
0.63,-1.25,1016,94,49.309555578150245,20.085066056665003,6.0,20260330_055357
0.83,-1.16,1016,94,49.309555578150245,20.125423430066586,6.0,20260330_055357
-1.01,-5.24,1021,89,49.17035070524409,19.76220706945233,3.43,20260406_055411
1.5,-2.23,1020,89,49.17035070524409,19.802564442853914,3.62,20260406_055411
-0.13,-4.26,1020,89,49.17035070524409,19.842921816255497,3.62,20260406_055411
4.31,1.13,1020,88,49.17035070524409,19.88327918965708,3.62,20260406_055411
6.86,4.2,1020,88,49.17035070524409,19.923636563058665,3.62,20260406_055411
4.3,1.05,1020,87,49.17035070524409,19.963993936460252,3.62,20260406_055411
2.69,-0.93,1020,87,49.17035070524409,20.004351309861836,3.63,20260406_055411
0.49,0.49,1019,66,49.17035070524409,20.04470868326342,3.63,20260406_055411
-0.55,-0.55,1019,73,49.17035070524409,20.085066056665003,3.63,20260406_055411
0.29,0.29,1019,73,49.17035070524409,20.125423430066586,3.63,20260406_055411
-0.84,-5.07,1021,89,49.18581791334477,19.76220706945233,3.43,20260406_055411
-0.28,-4.44,1021,89,49.18581791334477,19.802564442853914,3.62,20260406_055411
0.32,-3.76,1020,89,49.18581791334477,19.842921816255497,3.62,20260406_055411
3.78,0.44,1020,88,49.18581791334477,19.88327918965708,3.62,20260406_055411
4.44,1.19,1020,88,49.18581791334477,19.923636563058665,3.62,20260406_055411
2.65,-1.02,1020,87,49.18581791334477,19.963993936460252,3.62,20260406_055411
5.23,2.14,1020,87,49.18581791334477,20.004351309861836,3.63,20260406_055411
2.19,2.19,1019,66,49.18581791334477,20.04470868326342,3.63,20260406_055411
1.58,1.58,1019,73,49.18581791334477,20.085066056665003,3.63,20260406_055411
3.11,3.11,1019,73,49.18581791334477,20.125423430066586,3.63,20260406_055411
0.21,-3.84,1021,88,49.20128512144546,19.76220706945233,3.45,20260406_055411
2.53,-1.05,1021,88,49.20128512144546,19.802564442853914,3.73,20260406_055411
0.53,-3.56,1020,88,49.20128512144546,19.842921816255497,3.73,20260406_055411
2.79,-0.82,1020,88,49.20128512144546,19.88327918965708,3.73,20260406_055411
7.14,4.46,1020,88,49.20128512144546,19.923636563058665,3.73,20260406_055411
3.16,-0.46,1020,87,49.20128512144546,19.963993936460252,3.73,20260406_055411
2.37,-1.45,1020,87,49.20128512144546,20.004351309861836,3.81,20260406_055411
0.8,-3.39,1020,86,49.20128512144546,20.04470868326342,3.81,20260406_055411
1.16,1.16,1019,80,49.20128512144546,20.085066056665003,3.81,20260406_055411
3.02,3.02,1019,73,49.20128512144546,20.125423430066586,3.81,20260406_055411
0.21,-3.84,1021,88,49.21675232954614,19.76220706945233,3.45,20260406_055411
2.53,-1.05,1021,88,49.21675232954614,19.802564442853914,3.73,20260406_055411
0.53,-3.56,1020,88,49.21675232954614,19.842921816255497,3.73,20260406_055411
2.18,-1.57,1020,88,49.21675232954614,19.88327918965708,3.73,20260406_055411
4.25,0.9,1020,88,49.21675232954614,19.923636563058665,3.73,20260406_055411
4.48,1.16,1020,87,49.21675232954614,19.963993936460252,3.73,20260406_055411
2.07,-1.82,1020,87,49.21675232954614,20.004351309861836,3.81,20260406_055411
3.06,-0.61,1020,86,49.21675232954614,20.04470868326342,3.81,20260406_055411
4.41,4.41,1019,80,49.21675232954614,20.085066056665003,3.81,20260406_055411
0.74,0.74,1019,80,49.21675232954614,20.125423430066586,3.81,20260406_055411
1.55,-2.26,1021,88,49.23221953764683,19.76220706945233,3.45,20260406_055411
2.59,-1.04,1021,88,49.23221953764683,19.802564442853914,3.73,20260406_055411
0.53,-3.63,1020,88,49.23221953764683,19.842921816255497,3.73,20260406_055411
4.27,0.92,1020,88,49.23221953764683,19.88327918965708,3.73,20260406_055411
2.58,-1.23,1020,88,49.23221953764683,19.923636563058665,3.73,20260406_055411
3.44,-0.19,1020,87,49.23221953764683,19.963993936460252,3.73,20260406_055411
2.19,-1.75,1020,87,49.23221953764683,20.004351309861836,3.81,20260406_055411
-0.52,-5.11,1020,86,49.23221953764683,20.04470868326342,3.81,20260406_055411
4.93,1.64,1019,80,49.23221953764683,20.085066056665003,3.81,20260406_055411
2.93,2.93,1019,80,49.23221953764683,20.125423430066586,3.81,20260406_055411
1.55,-2.26,1021,88,49.24768674574751,19.76220706945233,3.45,20260406_055411
2.59,-1.04,1021,88,49.24768674574751,19.802564442853914,3.73,20260406_055411
0.53,-3.63,1020,88,49.24768674574751,19.842921816255497,3.73,20260406_055411
4.27,0.92,1020,88,49.24768674574751,19.88327918965708,3.73,20260406_055411
0.62,-3.64,1020,88,49.24768674574751,19.923636563058665,3.73,20260406_055411
3.67,0.09,1020,87,49.24768674574751,19.963993936460252,3.73,20260406_055411
2.71,-1.11,1020,87,49.24768674574751,20.004351309861836,3.81,20260406_055411
1.7,-2.37,1020,86,49.24768674574751,20.04470868326342,3.81,20260406_055411
4.23,0.77,1019,85,49.24768674574751,20.085066056665003,3.81,20260406_055411
4.95,1.71,1019,80,49.24768674574751,20.125423430066586,3.81,20260406_055411
4.29,1.03,1021,88,49.263153953848196,19.76220706945233,3.45,20260406_055411
2.42,-1.32,1021,88,49.263153953848196,19.802564442853914,3.73,20260406_055411
3.89,0.43,1021,88,49.263153953848196,19.842921816255497,3.73,20260406_055411
4.72,1.41,1020,88,49.263153953848196,19.88327918965708,3.73,20260406_055411
3.25,-0.48,1020,87,49.263153953848196,19.923636563058665,3.73,20260406_055411
4.5,1.04,1020,87,49.263153953848196,19.963993936460252,3.73,20260406_055411
5.14,1.81,1020,86,49.263153953848196,20.004351309861836,3.81,20260406_055411
4.31,0.77,1020,86,49.263153953848196,20.04470868326342,3.81,20260406_055411
4.72,1.3,1019,85,49.263153953848196,20.085066056665003,3.81,20260406_055411
5.86,2.74,1019,85,49.263153953848196,20.125423430066586,3.81,20260406_055411
5.63,2.61,1021,87,49.27862116194888,19.76220706945233,3.45,20260406_055411
4.23,0.84,1021,87,49.27862116194888,19.802564442853914,3.73,20260406_055411
4.89,1.59,1020,87,49.27862116194888,19.842921816255497,3.73,20260406_055411
5.25,1.98,1020,87,49.27862116194888,19.88327918965708,3.73,20260406_055411
5.22,1.87,1020,87,49.27862116194888,19.923636563058665,3.73,20260406_055411
6.8,3.8,1020,86,49.27862116194888,19.963993936460252,3.73,20260406_055411
5.86,2.62,1020,86,49.27862116194888,20.004351309861836,3.81,20260406_055411
5.49,2.14,1020,86,49.27862116194888,20.04470868326342,3.81,20260406_055411
6.53,3.45,1019,85,49.27862116194888,20.085066056665003,3.81,20260406_055411
6.58,3.55,1019,85,49.27862116194888,20.125423430066586,3.81,20260406_055411
5.63,2.61,1021,87,49.294088370049565,19.76220706945233,3.45,20260406_055411
4.23,0.84,1021,87,49.294088370049565,19.802564442853914,3.73,20260406_055411
4.89,1.59,1020,87,49.294088370049565,19.842921816255497,3.73,20260406_055411
5.25,1.98,1020,87,49.294088370049565,19.88327918965708,3.73,20260406_055411
5.22,1.87,1020,87,49.294088370049565,19.923636563058665,3.73,20260406_055411
5.85,2.62,1020,86,49.294088370049565,19.963993936460252,3.73,20260406_055411
6.97,4.0,1020,86,49.294088370049565,20.004351309861836,3.81,20260406_055411
6.75,3.71,1020,86,49.294088370049565,20.04470868326342,3.81,20260406_055411
6.9,3.91,1019,85,49.294088370049565,20.085066056665003,3.81,20260406_055411
7.01,4.08,1019,85,49.294088370049565,20.125423430066586,3.81,20260406_055411
5.51,2.39,1021,87,49.309555578150245,19.76220706945233,3.45,20260406_055411
4.87,1.55,1021,87,49.309555578150245,19.802564442853914,3.73,20260406_055411
5.66,2.47,1020,87,49.309555578150245,19.842921816255497,3.73,20260406_055411
4.55,1.04,1020,87,49.309555578150245,19.88327918965708,3.73,20260406_055411
4.52,0.91,1020,86,49.309555578150245,19.923636563058665,3.73,20260406_055411
4.7,1.1,1020,86,49.309555578150245,19.963993936460252,3.73,20260406_055411
6.16,2.9,1020,85,49.309555578150245,20.004351309861836,3.81,20260406_055411
7.19,4.16,1020,85,49.309555578150245,20.04470868326342,3.81,20260406_055411
6.18,2.92,1019,85,49.309555578150245,20.085066056665003,3.81,20260406_055411
6.38,3.21,1019,84,49.309555578150245,20.125423430066586,3.81,20260406_055411
-2.77,-4.79,1018,68,49.17035070524409,19.76220706945233,13.07,20260413_060808
-0.35,-2.02,1018,67,49.17035070524409,19.802564442853914,13.07,20260413_060808
-2.07,-3.94,1018,67,49.17035070524409,19.842921816255497,13.07,20260413_060808
-1.85,-3.64,1018,66,49.17035070524409,19.88327918965708,13.07,20260413_060808
0.5,0.5,1018,66,49.17035070524409,19.923636563058665,13.07,20260413_060808
-0.03,-0.03,1018,65,49.17035070524409,19.963993936460252,13.07,20260413_060808
-0.92,-0.92,1018,65,49.17035070524409,20.004351309861836,12.37,20260413_060808
-4.74,-4.74,1018,64,49.17035070524409,20.04470868326342,12.37,20260413_060808
-2.15,-2.15,1018,64,49.17035070524409,20.085066056665003,12.37,20260413_060808
-4.03,-4.03,1018,63,49.17035070524409,20.125423430066586,12.37,20260413_060808
-2.57,-4.53,1018,68,49.18581791334477,19.76220706945233,13.07,20260413_060808
-2.1,-4.01,1018,68,49.18581791334477,19.802564442853914,13.07,20260413_060808
-1.6,-3.42,1018,67,49.18581791334477,19.842921816255497,13.07,20260413_060808
-2.9,-4.86,1018,67,49.18581791334477,19.88327918965708,13.07,20260413_060808
0.77,0.77,1018,66,49.18581791334477,19.923636563058665,13.07,20260413_060808
-0.58,-0.58,1018,66,49.18581791334477,19.963993936460252,13.07,20260413_060808
-0.95,-0.95,1018,65,49.18581791334477,20.004351309861836,12.37,20260413_060808
-1.45,-1.45,1018,64,49.18581791334477,20.04470868326342,12.37,20260413_060808
-2.16,-4.02,1018,64,49.18581791334477,20.085066056665003,12.37,20260413_060808
-4.19,-6.44,1018,64,49.18581791334477,20.125423430066586,12.37,20260413_060808
-1.49,-3.28,1018,69,49.20128512144546,19.76220706945233,12.88,20260413_060808
0.75,-0.76,1018,68,49.20128512144546,19.802564442853914,12.91,20260413_060808
-1.34,-3.13,1018,68,49.20128512144546,19.842921816255497,12.91,20260413_060808
0.2,-1.35,1018,67,49.20128512144546,19.88327918965708,12.91,20260413_060808
-1.45,-3.15,1018,66,49.20128512144546,19.923636563058665,12.91,20260413_060808
0.36,-1.1,1018,66,49.20128512144546,19.963993936460252,12.91,20260413_060808
-0.13,-1.67,1018,65,49.20128512144546,20.004351309861836,12.49,20260413_060808
-4.1,-6.21,1018,65,49.20128512144546,20.04470868326342,12.49,20260413_060808
-1.38,-3.3,1018,64,49.20128512144546,20.085066056665003,12.49,20260413_060808
1.75,0.15,1018,64,49.20128512144546,20.125423430066586,12.49,20260413_060808
-1.49,-3.28,1018,69,49.21675232954614,19.76220706945233,12.88,20260413_060808
0.75,-0.76,1018,68,49.21675232954614,19.802564442853914,12.91,20260413_060808
-1.34,-3.13,1018,68,49.21675232954614,19.842921816255497,12.91,20260413_060808
0.2,-1.35,1018,67,49.21675232954614,19.88327918965708,12.91,20260413_060808
-1.45,-3.15,1018,66,49.21675232954614,19.923636563058665,12.91,20260413_060808
0.36,-1.1,1018,66,49.21675232954614,19.963993936460252,12.91,20260413_060808
-0.13,-1.67,1018,65,49.21675232954614,20.004351309861836,12.49,20260413_060808
-4.1,-6.21,1018,65,49.21675232954614,20.04470868326342,12.49,20260413_060808
-1.38,-3.3,1018,64,49.21675232954614,20.085066056665003,12.49,20260413_060808
1.75,0.15,1018,64,49.21675232954614,20.125423430066586,12.49,20260413_060808
-0.12,-1.68,1018,69,49.23221953764683,19.76220706945233,12.88,20260413_060808
0.84,-0.62,1018,69,49.23221953764683,19.802564442853914,12.91,20260413_060808
-1.31,-3.06,1018,68,49.23221953764683,19.842921816255497,12.91,20260413_060808
2.34,1.09,1018,67,49.23221953764683,19.88327918965708,12.91,20260413_060808
-1.42,-3.15,1018,67,49.23221953764683,19.923636563058665,12.91,20260413_060808
-0.45,-2.05,1018,66,49.23221953764683,19.963993936460252,12.91,20260413_060808
-0.71,-2.38,1018,66,49.23221953764683,20.004351309861836,12.49,20260413_060808
-1.1,-2.89,1018,65,49.23221953764683,20.04470868326342,12.49,20260413_060808
-1.28,-3.33,1018,64,49.23221953764683,20.085066056665003,12.49,20260413_060808
2.54,0.93,1018,64,49.23221953764683,20.125423430066586,12.49,20260413_060808
-0.12,-1.68,1018,69,49.24768674574751,19.76220706945233,12.88,20260413_060808
0.84,-0.62,1018,69,49.24768674574751,19.802564442853914,12.91,20260413_060808
-1.31,-3.06,1018,68,49.24768674574751,19.842921816255497,12.91,20260413_060808
2.34,1.09,1018,67,49.24768674574751,19.88327918965708,12.91,20260413_060808
-1.42,-3.15,1018,67,49.24768674574751,19.923636563058665,12.91,20260413_060808
-0.45,-2.05,1018,66,49.24768674574751,19.963993936460252,12.91,20260413_060808
-0.71,-2.38,1018,66,49.24768674574751,20.004351309861836,12.49,20260413_060808
-1.1,-2.89,1018,65,49.24768674574751,20.04470868326342,12.49,20260413_060808
-1.28,-3.33,1018,64,49.24768674574751,20.085066056665003,12.49,20260413_060808
2.54,0.93,1018,64,49.24768674574751,20.125423430066586,12.49,20260413_060808
2.65,2.65,1018,70,49.263153953848196,19.76220706945233,12.88,20260413_060808
0.7,-0.71,1018,69,49.263153953848196,19.802564442853914,12.91,20260413_060808
2.09,0.84,1018,68,49.263153953848196,19.842921816255497,12.91,20260413_060808
2.83,1.67,1018,68,49.263153953848196,19.88327918965708,12.91,20260413_060808
1.26,-0.13,1018,67,49.263153953848196,19.923636563058665,12.91,20260413_060808
1.32,-0.08,1018,66,49.263153953848196,19.963993936460252,12.91,20260413_060808
2.07,0.73,1018,66,49.263153953848196,20.004351309861836,12.49,20260413_060808
0.68,-0.93,1018,65,49.263153953848196,20.04470868326342,12.49,20260413_060808
0.21,-1.7,1018,65,49.263153953848196,20.085066056665003,12.49,20260413_060808
1.45,-0.39,1018,64,49.263153953848196,20.125423430066586,12.49,20260413_060808
4.02,4.02,1018,70,49.27862116194888,19.76220706945233,12.88,20260413_060808
2.55,2.55,1018,69,49.27862116194888,19.802564442853914,12.91,20260413_060808
3.12,3.12,1018,69,49.27862116194888,19.842921816255497,12.91,20260413_060808
3.4,2.36,1018,68,49.27862116194888,19.88327918965708,12.91,20260413_060808
3.28,2.16,1018,67,49.27862116194888,19.923636563058665,12.91,20260413_060808
3.82,2.73,1018,67,49.27862116194888,19.963993936460252,12.91,20260413_060808
3.46,2.26,1018,66,49.27862116194888,20.004351309861836,12.49,20260413_060808
2.75,1.37,1018,66,49.27862116194888,20.04470868326342,12.49,20260413_060808
3.16,1.65,1018,65,49.27862116194888,20.085066056665003,12.49,20260413_060808
2.22,0.46,1018,64,49.27862116194888,20.125423430066586,12.49,20260413_060808
4.02,4.02,1018,70,49.294088370049565,19.76220706945233,12.88,20260413_060808
2.55,2.55,1018,69,49.294088370049565,19.802564442853914,12.91,20260413_060808
3.12,3.12,1018,69,49.294088370049565,19.842921816255497,12.91,20260413_060808
3.4,2.36,1018,68,49.294088370049565,19.88327918965708,12.91,20260413_060808
3.28,2.16,1018,67,49.294088370049565,19.923636563058665,12.91,20260413_060808
3.82,2.73,1018,67,49.294088370049565,19.963993936460252,12.91,20260413_060808
3.46,2.26,1018,66,49.294088370049565,20.004351309861836,12.49,20260413_060808
2.75,1.37,1018,66,49.294088370049565,20.04470868326342,12.49,20260413_060808
3.16,1.65,1018,65,49.294088370049565,20.085066056665003,12.49,20260413_060808
2.22,0.46,1018,64,49.294088370049565,20.125423430066586,12.49,20260413_060808
3.92,3.92,1018,70,49.309555578150245,19.76220706945233,12.88,20260413_060808
3.21,3.21,1018,70,49.309555578150245,19.802564442853914,12.91,20260413_060808
3.93,3.93,1018,69,49.309555578150245,19.842921816255497,12.91,20260413_060808
2.73,2.73,1018,68,49.309555578150245,19.88327918965708,12.91,20260413_060808
2.62,1.4,1018,68,49.309555578150245,19.923636563058665,12.91,20260413_060808
2.72,1.45,1018,67,49.309555578150245,19.963993936460252,12.91,20260413_060808
4.1,2.93,1018,66,49.309555578150245,20.004351309861836,12.49,20260413_060808
3.81,2.54,1018,66,49.309555578150245,20.04470868326342,12.49,20260413_060808
3.69,2.22,1018,65,49.309555578150245,20.085066056665003,12.49,20260413_060808
2.89,1.21,1018,65,49.309555578150245,20.125423430066586,12.49,20260413_060808
-3.16,-7.16,1011,83,49.17035070524409,19.76220706945233,1.74,20260420_060818
-0.69,-4.15,1011,82,49.17035070524409,19.802564442853914,1.68,20260420_060818
-2.35,-6.08,1011,82,49.17035070524409,19.842921816255497,1.68,20260420_060818
-2.05,-5.68,1010,81,49.17035070524409,19.88327918965708,1.68,20260420_060818
0.36,-2.7,1010,80,49.17035070524409,19.923636563058665,1.68,20260420_060818
-0.1,-3.2,1010,80,49.17035070524409,19.963993936460252,1.68,20260420_060818
-0.91,-4.12,1010,79,49.17035070524409,20.004351309861836,1.98,20260420_060818
-4.67,-8.54,1010,79,49.17035070524409,20.04470868326342,1.98,20260420_060818
-1.99,-5.37,1010,79,49.17035070524409,20.085066056665003,1.98,20260420_060818
-3.79,-7.52,1010,79,49.17035070524409,20.125423430066586,1.98,20260420_060818
-2.97,-6.91,1011,83,49.18581791334477,19.76220706945233,1.74,20260420_060818
-2.44,-6.22,1011,83,49.18581791334477,19.802564442853914,1.68,20260420_060818
-1.88,-5.5,1011,82,49.18581791334477,19.842921816255497,1.68,20260420_060818
-3.12,-6.92,1011,82,49.18581791334477,19.88327918965708,1.68,20260420_060818
0.62,-2.38,1010,81,49.18581791334477,19.923636563058665,1.68,20260420_060818
-0.67,-3.88,1010,80,49.18581791334477,19.963993936460252,1.68,20260420_060818
-0.97,-4.21,1010,80,49.18581791334477,20.004351309861836,1.98,20260420_060818
-1.4,-4.71,1010,80,49.18581791334477,20.04470868326342,1.98,20260420_060818
-2.03,-5.5,1010,79,49.18581791334477,20.085066056665003,1.98,20260420_060818
-3.99,-7.91,1010,79,49.18581791334477,20.125423430066586,1.98,20260420_060818
-1.9,-5.6,1011,84,49.20128512144546,19.76220706945233,1.83,20260420_060818
0.4,-2.8,1011,83,49.20128512144546,19.802564442853914,1.86,20260420_060818
-1.63,-5.17,1011,83,49.20128512144546,19.842921816255497,1.86,20260420_060818
-0.02,-3.21,1011,82,49.20128512144546,19.88327918965708,1.86,20260420_060818
-1.62,-5.05,1010,82,49.20128512144546,19.923636563058665,1.86,20260420_060818
0.26,-2.81,1010,81,49.20128512144546,19.963993936460252,1.86,20260420_060818
-0.17,-3.31,1010,81,49.20128512144546,20.004351309861836,2.25,20260420_060818
-4.07,-7.95,1010,80,49.20128512144546,20.04470868326342,2.25,20260420_060818
-1.28,-4.72,1010,80,49.20128512144546,20.085066056665003,2.25,20260420_060818
1.91,-0.99,1010,80,49.20128512144546,20.125423430066586,2.25,20260420_060818
-1.9,-5.6,1011,84,49.21675232954614,19.76220706945233,1.83,20260420_060818
0.4,-2.8,1011,83,49.21675232954614,19.802564442853914,1.86,20260420_060818
-1.63,-5.17,1011,83,49.21675232954614,19.842921816255497,1.86,20260420_060818
-0.02,-3.21,1011,82,49.21675232954614,19.88327918965708,1.86,20260420_060818
-1.62,-5.05,1010,82,49.21675232954614,19.923636563058665,1.86,20260420_060818
0.26,-2.81,1010,81,49.21675232954614,19.963993936460252,1.86,20260420_060818
-0.17,-3.31,1010,81,49.21675232954614,20.004351309861836,2.25,20260420_060818
-4.07,-7.95,1010,80,49.21675232954614,20.04470868326342,2.25,20260420_060818
-1.28,-4.72,1010,80,49.21675232954614,20.085066056665003,2.25,20260420_060818
1.91,-0.99,1010,80,49.21675232954614,20.125423430066586,2.25,20260420_060818
-0.53,-3.92,1011,84,49.23221953764683,19.76220706945233,1.83,20260420_060818
0.48,-2.69,1011,84,49.23221953764683,19.802564442853914,1.86,20260420_060818
-1.61,-5.13,1011,83,49.23221953764683,19.842921816255497,1.86,20260420_060818
2.1,-0.68,1011,83,49.23221953764683,19.88327918965708,1.86,20260420_060818
-1.59,-5.03,1011,82,49.23221953764683,19.923636563058665,1.86,20260420_060818
-0.56,-3.81,1010,82,49.23221953764683,19.963993936460252,1.86,20260420_060818
-0.76,-4.06,1010,81,49.23221953764683,20.004351309861836,2.25,20260420_060818
-1.09,-4.47,1010,81,49.23221953764683,20.04470868326342,2.25,20260420_060818
-1.21,-4.72,1010,80,49.23221953764683,20.085066056665003,2.25,20260420_060818
2.67,-0.17,1010,80,49.23221953764683,20.125423430066586,2.25,20260420_060818
-0.53,-3.92,1011,84,49.24768674574751,19.76220706945233,1.83,20260420_060818
0.48,-2.69,1011,84,49.24768674574751,19.802564442853914,1.86,20260420_060818
-1.61,-5.13,1011,83,49.24768674574751,19.842921816255497,1.86,20260420_060818
2.1,-0.68,1011,83,49.24768674574751,19.88327918965708,1.86,20260420_060818
-1.59,-5.03,1011,82,49.24768674574751,19.923636563058665,1.86,20260420_060818
-0.56,-3.81,1010,82,49.24768674574751,19.963993936460252,1.86,20260420_060818
-0.76,-4.06,1010,81,49.24768674574751,20.004351309861836,2.25,20260420_060818
-1.09,-4.47,1010,81,49.24768674574751,20.04470868326342,2.25,20260420_060818
-1.21,-4.72,1010,80,49.24768674574751,20.085066056665003,2.25,20260420_060818
2.67,-0.17,1010,80,49.24768674574751,20.125423430066586,2.25,20260420_060818
2.24,-0.59,1011,84,49.263153953848196,19.76220706945233,1.83,20260420_060818
0.34,-2.82,1011,84,49.263153953848196,19.802564442853914,1.86,20260420_060818
1.79,-1.07,1011,84,49.263153953848196,19.842921816255497,1.86,20260420_060818
2.59,-0.1,1011,83,49.263153953848196,19.88327918965708,1.86,20260420_060818
1.08,-1.88,1011,83,49.263153953848196,19.923636563058665,1.86,20260420_060818
1.19,-1.77,1011,82,49.263153953848196,19.963993936460252,1.86,20260420_060818
2.0,-0.83,1010,82,49.263153953848196,20.004351309861836,2.25,20260420_060818
0.67,-2.44,1010,81,49.263153953848196,20.04470868326342,2.25,20260420_060818
0.26,-3.05,1010,81,49.263153953848196,20.085066056665003,2.25,20260420_060818
1.56,-1.58,1010,80,49.263153953848196,20.125423430066586,2.25,20260420_060818
3.61,1.07,1011,85,49.27862116194888,19.76220706945233,1.83,20260420_060818
2.19,-0.6,1011,84,49.27862116194888,19.802564442853914,1.86,20260420_060818
2.82,0.16,1011,84,49.27862116194888,19.842921816255497,1.86,20260420_060818
3.15,0.57,1011,83,49.27862116194888,19.88327918965708,1.86,20260420_060818
3.09,0.48,1011,83,49.27862116194888,19.923636563058665,1.86,20260420_060818
3.68,1.15,1011,82,49.27862116194888,19.963993936460252,1.86,20260420_060818
3.38,0.76,1011,82,49.27862116194888,20.004351309861836,2.25,20260420_060818
2.73,-0.05,1010,82,49.27862116194888,20.04470868326342,2.25,20260420_060818
3.19,0.4,1010,81,49.27862116194888,20.085066056665003,2.25,20260420_060818
2.3,-0.75,1010,81,49.27862116194888,20.125423430066586,2.25,20260420_060818
3.61,1.07,1011,85,49.294088370049565,19.76220706945233,1.83,20260420_060818
2.19,-0.6,1011,84,49.294088370049565,19.802564442853914,1.86,20260420_060818
2.82,0.16,1011,84,49.294088370049565,19.842921816255497,1.86,20260420_060818
3.15,0.57,1011,83,49.294088370049565,19.88327918965708,1.86,20260420_060818
3.09,0.48,1011,83,49.294088370049565,19.923636563058665,1.86,20260420_060818
3.68,1.15,1011,82,49.294088370049565,19.963993936460252,1.86,20260420_060818
3.38,0.76,1011,82,49.294088370049565,20.004351309861836,2.25,20260420_060818
2.73,-0.05,1010,82,49.294088370049565,20.04470868326342,2.25,20260420_060818
3.19,0.4,1010,81,49.294088370049565,20.085066056665003,2.25,20260420_060818
2.3,-0.75,1010,81,49.294088370049565,20.125423430066586,2.25,20260420_060818
3.51,0.98,1011,85,49.309555578150245,19.76220706945233,1.83,20260420_060818
2.85,0.2,1011,85,49.309555578150245,19.802564442853914,1.86,20260420_060818
3.62,1.13,1011,84,49.309555578150245,19.842921816255497,1.86,20260420_060818
2.48,-0.24,1011,84,49.309555578150245,19.88327918965708,1.86,20260420_060818
2.42,-0.36,1011,83,49.309555578150245,19.923636563058665,1.86,20260420_060818
2.57,-0.21,1011,83,49.309555578150245,19.963993936460252,1.86,20260420_060818
4.01,1.47,1011,82,49.309555578150245,20.004351309861836,2.25,20260420_060818
3.77,1.15,1011,82,49.309555578150245,20.04470868326342,2.25,20260420_060818
3.71,0.97,1010,82,49.309555578150245,20.085066056665003,2.25,20260420_060818
2.96,0.01,1010,81,49.309555578150245,20.125423430066586,2.25,20260420_060818
-3.22,-5.37,1024,57,49.17035070524409,19.76220706945233,6.54,20260427_062122
-0.78,-2.68,1023,56,49.17035070524409,19.802564442853914,6.42,20260427_062122
-2.48,-4.67,1023,55,49.17035070524409,19.842921816255497,6.42,20260427_062122
0.31,-1.51,1023,54,49.17035070524409,19.88327918965708,6.42,20260427_062122
2.86,1.46,1023,53,49.17035070524409,19.923636563058665,6.42,20260427_062122
0.3,-1.4,1023,52,49.17035070524409,19.963993936460252,6.42,20260427_062122
-1.31,-3.11,1023,51,49.17035070524409,20.004351309861836,6.0,20260427_062122
-3.51,-9.06,1023,42,49.17035070524409,20.04470868326342,6.0,20260427_062122
-3.77,-9.38,1023,42,49.17035070524409,20.085066056665003,6.0,20260427_062122
-1.61,-6.7,1023,50,49.17035070524409,20.125423430066586,6.0,20260427_062122
-3.02,-5.25,1023,58,49.18581791334477,19.76220706945233,6.54,20260427_062122
-2.53,-4.78,1023,57,49.18581791334477,19.802564442853914,6.42,20260427_062122
-2.0,-4.22,1023,56,49.18581791334477,19.842921816255497,6.42,20260427_062122
-0.22,-2.19,1023,55,49.18581791334477,19.88327918965708,6.42,20260427_062122
0.44,-1.39,1023,53,49.18581791334477,19.923636563058665,6.42,20260427_062122
-1.35,-3.36,1023,52,49.18581791334477,19.963993936460252,6.42,20260427_062122
1.23,-0.29,1023,51,49.18581791334477,20.004351309861836,6.0,20260427_062122
-1.81,-6.95,1023,42,49.18581791334477,20.04470868326342,6.0,20260427_062122
-0.33,-5.11,1023,50,49.18581791334477,20.085066056665003,6.0,20260427_062122
1.24,-3.15,1023,50,49.18581791334477,20.125423430066586,6.0,20260427_062122
-1.94,-4.1,1023,59,49.20128512144546,19.76220706945233,6.16,20260427_062122
0.32,-1.59,1023,58,49.20128512144546,19.802564442853914,6.04,20260427_062122
-1.74,-4.0,1023,56,49.20128512144546,19.842921816255497,6.04,20260427_062122
-1.21,-3.4,1023,55,49.20128512144546,19.88327918965708,6.04,20260427_062122
3.14,1.65,1023,54,49.20128512144546,19.923636563058665,6.04,20260427_062122
-0.84,-2.84,1023,53,49.20128512144546,19.963993936460252,6.04,20260427_062122
-1.63,-3.63,1023,52,49.20128512144546,20.004351309861836,5.76,20260427_062122
-3.2,-5.26,1023,51,49.20128512144546,20.04470868326342,5.76,20260427_062122
0.05,-4.63,1023,50,49.20128512144546,20.085066056665003,5.76,20260427_062122
1.17,-3.24,1023,50,49.20128512144546,20.125423430066586,5.76,20260427_062122
-1.94,-4.1,1023,59,49.21675232954614,19.76220706945233,6.16,20260427_062122
0.32,-1.59,1023,58,49.21675232954614,19.802564442853914,6.04,20260427_062122
-1.74,-4.0,1023,56,49.21675232954614,19.842921816255497,6.04,20260427_062122
-0.17,-2.21,1023,55,49.21675232954614,19.88327918965708,6.04,20260427_062122
0.25,-1.67,1023,54,49.21675232954614,19.923636563058665,6.04,20260427_062122
0.48,-1.33,1023,53,49.21675232954614,19.963993936460252,6.04,20260427_062122
-1.93,-3.97,1023,52,49.21675232954614,20.004351309861836,5.76,20260427_062122
1.95,0.59,1023,51,49.21675232954614,20.04470868326342,5.76,20260427_062122
3.3,-0.59,1023,50,49.21675232954614,20.085066056665003,5.76,20260427_062122
-0.37,-5.16,1023,50,49.21675232954614,20.125423430066586,5.76,20260427_062122
-0.57,-2.59,1023,59,49.23221953764683,19.76220706945233,6.16,20260427_062122
0.41,-1.53,1023,58,49.23221953764683,19.802564442853914,6.04,20260427_062122
-1.71,-4.02,1023,57,49.23221953764683,19.842921816255497,6.04,20260427_062122
1.96,0.19,1023,56,49.23221953764683,19.88327918965708,6.04,20260427_062122
-1.42,-3.63,1023,55,49.23221953764683,19.923636563058665,6.04,20260427_062122
-0.56,-2.57,1023,54,49.23221953764683,19.963993936460252,6.04,20260427_062122
1.08,-0.58,1023,53,49.23221953764683,20.004351309861836,5.76,20260427_062122
-1.63,-3.55,1023,52,49.23221953764683,20.04470868326342,5.76,20260427_062122
3.82,3.82,1023,50,49.23221953764683,20.085066056665003,5.76,20260427_062122
1.82,-2.43,1023,50,49.23221953764683,20.125423430066586,5.76,20260427_062122
-0.57,-2.59,1023,59,49.24768674574751,19.76220706945233,6.16,20260427_062122
0.41,-1.53,1023,58,49.24768674574751,19.802564442853914,6.04,20260427_062122
-1.71,-4.02,1023,57,49.24768674574751,19.842921816255497,6.04,20260427_062122
1.96,0.19,1023,56,49.24768674574751,19.88327918965708,6.04,20260427_062122
-1.76,-4.02,1023,55,49.24768674574751,19.923636563058665,6.04,20260427_062122
2.56,1.01,1023,54,49.24768674574751,19.963993936460252,6.04,20260427_062122
1.6,0.01,1023,53,49.24768674574751,20.004351309861836,5.76,20260427_062122
0.59,-1.02,1023,52,49.24768674574751,20.04470868326342,5.76,20260427_062122
3.12,3.12,1023,51,49.24768674574751,20.085066056665003,5.76,20260427_062122
3.84,3.84,1023,50,49.24768674574751,20.125423430066586,5.76,20260427_062122
2.2,0.54,1023,60,49.263153953848196,19.76220706945233,6.16,20260427_062122
0.28,-1.72,1023,59,49.263153953848196,19.802564442853914,6.04,20260427_062122
1.69,-0.14,1023,58,49.263153953848196,19.842921816255497,6.04,20260427_062122
2.46,0.74,1023,57,49.263153953848196,19.88327918965708,6.04,20260427_062122
0.92,-0.98,1023,56,49.263153953848196,19.923636563058665,6.04,20260427_062122
3.39,1.92,1023,55,49.263153953848196,19.963993936460252,6.04,20260427_062122
4.03,2.75,1023,54,49.263153953848196,20.004351309861836,5.76,20260427_062122
3.2,1.91,1023,53,49.263153953848196,20.04470868326342,5.76,20260427_062122
3.61,3.61,1023,52,49.263153953848196,20.085066056665003,5.76,20260427_062122
4.75,4.75,1023,51,49.263153953848196,20.125423430066586,5.76,20260427_062122
3.58,2.11,1023,61,49.27862116194888,19.76220706945233,6.16,20260427_062122
2.13,0.4,1023,60,49.27862116194888,19.802564442853914,6.04,20260427_062122
2.73,1.06,1023,59,49.27862116194888,19.842921816255497,6.04,20260427_062122
3.04,1.4,1023,58,49.27862116194888,19.88327918965708,6.04,20260427_062122
2.94,1.33,1023,56,49.27862116194888,19.923636563058665,6.04,20260427_062122
5.69,4.54,1023,55,49.27862116194888,19.963993936460252,6.04,20260427_062122
4.75,3.55,1023,54,49.27862116194888,20.004351309861836,5.76,20260427_062122
4.38,3.21,1023,53,49.27862116194888,20.04470868326342,5.76,20260427_062122
5.42,4.61,1023,53,49.27862116194888,20.085066056665003,5.76,20260427_062122
5.47,5.47,1023,52,49.27862116194888,20.125423430066586,5.76,20260427_062122
3.58,2.11,1023,61,49.294088370049565,19.76220706945233,6.16,20260427_062122
2.13,0.4,1023,60,49.294088370049565,19.802564442853914,6.04,20260427_062122
2.73,1.06,1023,59,49.294088370049565,19.842921816255497,6.04,20260427_062122
3.04,1.4,1023,58,49.294088370049565,19.88327918965708,6.04,20260427_062122
2.94,1.33,1023,56,49.294088370049565,19.923636563058665,6.04,20260427_062122
3.51,2.03,1023,55,49.294088370049565,19.963993936460252,6.04,20260427_062122
5.86,4.82,1023,54,49.294088370049565,20.004351309861836,5.76,20260427_062122
5.64,4.65,1023,53,49.294088370049565,20.04470868326342,5.76,20260427_062122
5.79,5.03,1023,53,49.294088370049565,20.085066056665003,5.76,20260427_062122
5.9,5.9,1023,52,49.294088370049565,20.125423430066586,5.76,20260427_062122
3.48,1.99,1024,62,49.309555578150245,19.76220706945233,6.16,20260427_062122
2.8,1.15,1023,61,49.309555578150245,19.802564442853914,6.04,20260427_062122
3.54,1.98,1023,60,49.309555578150245,19.842921816255497,6.04,20260427_062122
2.37,0.61,1023,58,49.309555578150245,19.88327918965708,6.04,20260427_062122
2.29,0.57,1023,57,49.309555578150245,19.923636563058665,6.04,20260427_062122
2.41,0.76,1023,56,49.309555578150245,19.963993936460252,6.04,20260427_062122
3.82,2.45,1023,55,49.309555578150245,20.004351309861836,5.76,20260427_062122
6.08,5.13,1023,54,49.309555578150245,20.04470868326342,5.76,20260427_062122
5.07,4.16,1023,53,49.309555578150245,20.085066056665003,5.76,20260427_062122
5.27,5.27,1023,53,49.309555578150245,20.125423430066586,5.76,20260427_062122
6.91,4.71,1017,38,49.17035070524409,19.76220706945233,7.18,20260504_063224
9.39,7.73,1017,37,49.17035070524409,19.802564442853914,7.79,20260504_063224
7.73,5.79,1017,36,49.17035070524409,19.842921816255497,7.79,20260504_063224
10.31,8.31,1017,35,49.17035070524409,19.88327918965708,7.79,20260504_063224
12.86,11.09,1017,34,49.17035070524409,19.923636563058665,7.79,20260504_063224
10.3,8.25,1017,33,49.17035070524409,19.963993936460252,7.79,20260504_063224
8.69,7.24,1017,32,49.17035070524409,20.004351309861836,6.73,20260504_063224
6.49,2.92,1017,25,49.17035070524409,20.04470868326342,6.73,20260504_063224
6.23,2.59,1017,25,49.17035070524409,20.085066056665003,6.73,20260504_063224
9.5,6.72,1017,31,49.17035070524409,20.125423430066586,6.73,20260504_063224
7.12,4.92,1017,38,49.18581791334477,19.76220706945233,7.18,20260504_063224
7.65,5.59,1017,37,49.18581791334477,19.802564442853914,7.79,20260504_063224
8.2,6.29,1017,36,49.18581791334477,19.842921816255497,7.79,20260504_063224
9.78,8.25,1017,35,49.18581791334477,19.88327918965708,7.79,20260504_063224
10.44,8.43,1017,34,49.18581791334477,19.923636563058665,7.79,20260504_063224
8.65,7.1,1017,33,49.18581791334477,19.963993936460252,7.79,20260504_063224
11.23,9.24,1017,32,49.18581791334477,20.004351309861836,6.73,20260504_063224
8.19,5.07,1017,25,49.18581791334477,20.04470868326342,6.73,20260504_063224
10.78,8.72,1017,31,49.18581791334477,20.085066056665003,6.73,20260504_063224
12.35,10.45,1017,31,49.18581791334477,20.125423430066586,6.73,20260504_063224
8.2,6.18,1017,38,49.20128512144546,19.76220706945233,6.34,20260504_063224
10.5,8.57,1017,37,49.20128512144546,19.802564442853914,6.76,20260504_063224
8.47,6.58,1017,37,49.20128512144546,19.842921816255497,6.76,20260504_063224
8.79,7.02,1017,36,49.20128512144546,19.88327918965708,6.76,20260504_063224
13.14,11.4,1017,34,49.20128512144546,19.923636563058665,6.76,20260504_063224
9.16,7.7,1017,33,49.20128512144546,19.963993936460252,6.76,20260504_063224
8.37,6.84,1017,33,49.20128512144546,20.004351309861836,5.96,20260504_063224
6.8,5.07,1017,32,49.20128512144546,20.04470868326342,5.96,20260504_063224
11.16,9.14,1017,31,49.20128512144546,20.085066056665003,5.96,20260504_063224
12.28,10.37,1017,31,49.20128512144546,20.125423430066586,5.96,20260504_063224
8.2,6.18,1017,38,49.21675232954614,19.76220706945233,6.34,20260504_063224
10.5,8.57,1017,37,49.21675232954614,19.802564442853914,6.76,20260504_063224
8.47,6.58,1017,37,49.21675232954614,19.842921816255497,6.76,20260504_063224
10.08,8.08,1017,36,49.21675232954614,19.88327918965708,6.76,20260504_063224
10.25,8.22,1017,34,49.21675232954614,19.923636563058665,6.76,20260504_063224
10.48,8.45,1017,33,49.21675232954614,19.963993936460252,6.76,20260504_063224
8.07,6.49,1017,33,49.21675232954614,20.004351309861836,5.96,20260504_063224
13.06,11.26,1017,32,49.21675232954614,20.04470868326342,5.96,20260504_063224
14.41,12.72,1017,31,49.21675232954614,20.085066056665003,5.96,20260504_063224
10.74,8.68,1017,31,49.21675232954614,20.125423430066586,5.96,20260504_063224
9.58,7.83,1017,39,49.23221953764683,19.76220706945233,6.34,20260504_063224
10.6,8.71,1017,38,49.23221953764683,19.802564442853914,6.76,20260504_063224
8.51,6.61,1017,37,49.23221953764683,19.842921816255497,6.76,20260504_063224
12.22,10.44,1017,36,49.23221953764683,19.88327918965708,6.76,20260504_063224
8.58,6.91,1017,35,49.23221953764683,19.923636563058665,6.76,20260504_063224
9.44,8.03,1017,34,49.23221953764683,19.963993936460252,6.76,20260504_063224
12.19,10.33,1017,33,49.23221953764683,20.004351309861836,5.96,20260504_063224
9.48,8.27,1017,32,49.23221953764683,20.04470868326342,5.96,20260504_063224
14.93,13.29,1017,31,49.23221953764683,20.085066056665003,5.96,20260504_063224
12.93,11.09,1017,31,49.23221953764683,20.125423430066586,5.96,20260504_063224
9.58,7.83,1017,39,49.24768674574751,19.76220706945233,6.34,20260504_063224
10.6,8.71,1017,38,49.24768674574751,19.802564442853914,6.76,20260504_063224
8.51,6.61,1017,37,49.24768674574751,19.842921816255497,6.76,20260504_063224
12.22,10.44,1017,36,49.24768674574751,19.88327918965708,6.76,20260504_063224
8.54,6.87,1017,35,49.24768674574751,19.923636563058665,6.76,20260504_063224
13.67,11.98,1017,34,49.24768674574751,19.963993936460252,6.76,20260504_063224
12.71,10.9,1017,33,49.24768674574751,20.004351309861836,5.96,20260504_063224
11.7,9.76,1017,32,49.24768674574751,20.04470868326342,5.96,20260504_063224
14.23,12.52,1017,31,49.24768674574751,20.085066056665003,5.96,20260504_063224
14.95,13.31,1017,31,49.24768674574751,20.125423430066586,5.96,20260504_063224
12.36,10.67,1017,39,49.263153953848196,19.76220706945233,6.34,20260504_063224
10.47,8.56,1017,38,49.263153953848196,19.802564442853914,6.76,20260504_063224
11.92,10.16,1017,38,49.263153953848196,19.842921816255497,6.76,20260504_063224
12.72,11.01,1017,37,49.263153953848196,19.88327918965708,6.76,20260504_063224
11.22,9.31,1017,35,49.263153953848196,19.923636563058665,6.76,20260504_063224
14.5,12.89,1017,34,49.263153953848196,19.963993936460252,6.76,20260504_063224
15.14,13.6,1017,34,49.263153953848196,20.004351309861836,5.96,20260504_063224
14.31,12.66,1017,33,49.263153953848196,20.04470868326342,5.96,20260504_063224
14.72,13.08,1017,32,49.263153953848196,20.085066056665003,5.96,20260504_063224
15.86,14.31,1017,31,49.263153953848196,20.125423430066586,5.96,20260504_063224
13.75,12.22,1017,40,49.27862116194888,19.76220706945233,6.34,20260504_063224
12.33,10.64,1017,39,49.27862116194888,19.802564442853914,6.76,20260504_063224
12.96,11.3,1017,38,49.27862116194888,19.842921816255497,6.76,20260504_063224
13.3,11.65,1017,37,49.27862116194888,19.88327918965708,6.76,20260504_063224
13.25,11.57,1017,36,49.27862116194888,19.923636563058665,6.76,20260504_063224
16.8,15.45,1017,35,49.27862116194888,19.963993936460252,6.76,20260504_063224
15.86,14.39,1017,34,49.27862116194888,20.004351309861836,5.96,20260504_063224
15.49,13.98,1017,34,49.27862116194888,20.04470868326342,5.96,20260504_063224
16.53,15.07,1017,32,49.27862116194888,20.085066056665003,5.96,20260504_063224
16.58,15.13,1017,32,49.27862116194888,20.125423430066586,5.96,20260504_063224
13.75,12.22,1017,40,49.294088370049565,19.76220706945233,6.34,20260504_063224
12.33,10.64,1017,39,49.294088370049565,19.802564442853914,6.76,20260504_063224
12.96,11.3,1017,38,49.294088370049565,19.842921816255497,6.76,20260504_063224
13.3,11.65,1017,37,49.294088370049565,19.88327918965708,6.76,20260504_063224
13.25,11.57,1017,36,49.294088370049565,19.923636563058665,6.76,20260504_063224
13.85,12.2,1017,35,49.294088370049565,19.963993936460252,6.76,20260504_063224
16.97,15.61,1017,34,49.294088370049565,20.004351309861836,5.96,20260504_063224
16.75,15.37,1017,34,49.294088370049565,20.04470868326342,5.96,20260504_063224
16.9,15.48,1017,32,49.294088370049565,20.085066056665003,5.96,20260504_063224
17.01,15.6,1017,32,49.294088370049565,20.125423430066586,5.96,20260504_063224
13.66,12.15,1017,41,49.309555578150245,19.76220706945233,6.34,20260504_063224
13.0,11.4,1017,40,49.309555578150245,19.802564442853914,6.76,20260504_063224
13.78,12.23,1017,39,49.309555578150245,19.842921816255497,6.76,20260504_063224
12.65,10.96,1017,38,49.309555578150245,19.88327918965708,6.76,20260504_063224
12.6,10.88,1017,37,49.309555578150245,19.923636563058665,6.76,20260504_063224
12.75,11.02,1017,36,49.309555578150245,19.963993936460252,6.76,20260504_063224
14.2,12.59,1017,35,49.309555578150245,20.004351309861836,5.96,20260504_063224
17.19,15.88,1017,35,49.309555578150245,20.04470868326342,5.96,20260504_063224
16.18,14.72,1017,33,49.309555578150245,20.085066056665003,5.96,20260504_063224
16.38,14.94,1017,33,49.309555578150245,20.125423430066586,5.96,20260504_063224
